customer_id,days_as_customer,total_transactions,total_spent,days_since_last_purchase,purchase_count,transactions_per_month,avg_spend_per_transaction,lifetime_value_per_month,engagement_tier,spend_quartile,recency_score,frequency_score,monetary_score,rfm_score
1001,1156,170,963.12,98,170,4.411764705882353,5.665411764705882,24.99446366782007,medium,Q1,4,5,1,10
1002,1489,70,4189.32,267,70,1.4103425117528543,59.847428571428566,84.4053727333781,low,Q2,2,2,2,6
1003,890,15,12102.71,105,15,0.5056179775280899,806.8473333333333,407.95651685393256,low,Q4,4,1,5,10
1004,1324,54,11236.48,323,54,1.2235649546827794,208.08296296296297,254.60302114803625,low,Q4,1,2,4,7
1005,1160,188,2808.59,123,188,4.862068965517242,14.939308510638298,72.63594827586208,medium,Q1,4,5,1,10
1006,1125,101,3179.77,29,101,2.6933333333333334,31.482871287128713,84.79386666666666,medium,Q1,5,3,2,10
1007,1754,8,5588.56,137,8,0.13683010262257697,698.57,95.5854047890536,low,Q2,4,1,2,7
1008,1074,53,7293.62,195,53,1.4804469273743017,137.6154716981132,203.73240223463688,low,Q3,3,2,3,8
1009,1668,60,9292.91,226,60,1.079136690647482,154.88183333333333,167.1386690647482,low,Q3,2,2,4,8
1010,151,108,5565.26,332,108,21.456953642384107,51.53018518518519,1105.6807947019868,high,Q2,1,3,2,6
1011,496,5,6964.89,170,5,0.30241935483870963,1392.978,421.2635080645161,low,Q2,3,1,3,7
1012,1268,103,11224.69,9,103,2.4369085173501577,108.97757281553399,265.5683753943218,medium,Q4,5,3,4,12
1013,360,196,598.41,40,196,16.333333333333332,3.053112244897959,49.8675,high,Q1,5,5,1,11
1014,1512,6,3823.93,25,6,0.11904761904761905,637.3216666666666,75.87162698412698,low,Q2,5,1,2,8
1015,117,109,10714.58,261,109,27.94871794871795,98.29889908256881,2747.3282051282054,high,Q3,2,3,4,9
1016,1426,116,13433.34,226,116,2.4403927068723705,115.80465517241379,282.60883590462834,medium,Q4,2,3,5,10
1017,1153,94,7699.58,124,94,2.445793581960104,81.9104255319149,200.3359930615785,medium,Q3,4,3,3,10
1018,901,47,8005.1,38,47,1.564927857935627,170.32127659574468,266.5405105438402,low,Q3,5,2,3,10
1019,1717,99,1652.22,328,99,1.7297612114152592,16.689090909090908,28.86814210832848,low,Q1,1,3,1,5
1020,160,55,6738.81,251,55,10.3125,122.52381818181819,1263.5268750000002,high,Q2,2,2,3,7
1021,1715,168,8012.63,176,168,2.938775510204082,47.69422619047619,140.16262390670553,medium,Q3,3,5,3,11
1022,1362,52,3674.93,90,52,1.145374449339207,70.67173076923076,80.94559471365639,low,Q2,4,2,2,8
1023,799,144,4075.19,37,144,5.406758448060075,28.299930555555555,153.01088861076346,medium,Q2,5,4,2,11
1024,373,13,5690.4,316,13,1.0455764075067024,437.7230769230769,457.67292225201066,low,Q2,1,1,2,4
1025,1545,114,350.06,176,114,2.2135922330097086,3.070701754385965,6.797281553398058,medium,Q1,3,3,1,7
1026,1467,124,4865.08,284,124,2.5357873210633946,39.23451612903226,99.49038854805725,medium,Q2,2,4,2,8
1027,835,106,3211.15,81,106,3.8083832335329344,30.293867924528303,115.37065868263474,medium,Q1,4,3,2,9
1028,415,158,4946.09,114,158,11.421686746987952,31.304367088607595,357.5486746987952,high,Q2,4,4,2,10
1029,1245,147,1840.44,40,147,3.5421686746987953,12.52,44.34795180722892,medium,Q1,5,4,1,10
1030,985,145,13363.38,301,145,4.416243654822335,92.16124137931034,407.00649746192886,medium,Q4,1,4,5,10
1031,306,120,8924.21,224,120,11.764705882352942,74.36841666666666,874.9225490196078,high,Q3,2,3,4,9
1032,1214,63,10202.58,318,63,1.556836902800659,161.94571428571427,252.12306425041186,low,Q3,1,2,4,7
1033,489,19,11848.11,349,19,1.165644171779141,623.5847368421053,726.8779141104294,low,Q4,1,1,4,6
1034,1367,92,7501.71,115,92,2.0190197512801755,81.54032608695653,164.63152889539137,medium,Q3,4,3,3,10
1035,51,58,1349.46,186,58,34.11764705882353,23.266551724137933,793.8000000000001,high,Q1,3,2,1,6
1036,282,183,8079.74,323,183,19.46808510638298,44.15158469945355,859.5468085106382,high,Q3,1,5,3,9
1037,777,90,8823.27,56,90,3.474903474903475,98.03633333333333,340.6667953667954,medium,Q3,5,3,4,12
1038,886,117,11194.32,40,117,3.961625282167043,95.67794871794871,379.0401805869074,medium,Q4,5,3,4,12
1039,1614,62,6503.31,354,62,1.1524163568773236,104.89209677419356,120.8793680297398,low,Q2,1,2,3,6
1040,504,23,1957.33,40,23,1.369047619047619,85.10130434782609,116.50773809523808,low,Q1,5,1,1,7
1041,1112,127,4292.45,347,127,3.426258992805755,33.798818897637794,115.80350719424459,medium,Q2,1,4,2,7
1042,540,137,5478.08,237,137,7.611111111111111,39.98598540145986,304.3377777777778,medium,Q2,2,4,2,8
1043,1735,140,9706.46,289,140,2.4207492795389047,69.33185714285713,167.8350432276657,medium,Q3,2,4,4,10
1044,1529,129,8583.14,262,129,2.5310660562459124,66.53596899224806,168.4069326357096,medium,Q3,2,4,3,9
1045,729,58,5373.65,216,58,2.3868312757201644,92.64913793103447,221.1378600823045,medium,Q2,3,2,2,7
1046,1005,122,14798.4,147,122,3.6417910447761193,121.2983606557377,441.74328358208953,medium,Q4,4,3,5,12
1047,219,1,9106.33,336,1,0.136986301369863,9106.33,1247.4424657534246,low,Q3,1,1,4,6
1048,987,34,3596.54,168,34,1.033434650455927,105.78058823529412,109.31732522796354,low,Q2,3,1,2,6
1049,716,96,1571.65,92,96,4.022346368715084,16.371354166666666,65.85125698324022,medium,Q1,4,3,1,8
1050,987,126,2335.24,353,126,3.8297872340425534,18.533650793650793,70.97993920972644,medium,Q1,1,4,1,6
1051,592,118,3727.07,59,118,5.97972972972973,31.58533898305085,188.87179054054053,medium,Q2,5,3,2,10
1052,1620,48,2452.19,59,48,0.8888888888888888,51.087291666666665,45.41092592592593,low,Q1,5,2,1,8
1053,1297,89,2839.18,304,89,2.0585967617579026,31.900898876404494,65.67108712413261,medium,Q1,1,3,2,6
1054,861,117,4312.17,169,117,4.076655052264808,36.856153846153845,150.24982578397214,medium,Q2,3,3,2,8
1055,1558,129,2641.94,269,129,2.4839537869062904,20.48015503875969,50.871758664955074,medium,Q1,2,4,1,7
1056,1184,16,13456.64,363,16,0.4054054054054054,841.04,340.96216216216214,low,Q4,1,1,5,7
1057,1538,189,1249.49,45,189,3.6866059817945382,6.611058201058201,24.372366710013004,medium,Q1,5,5,1,11
1058,676,192,7891.45,345,192,8.520710059171597,41.10130208333333,350.21227810650885,medium,Q3,1,5,3,9
1059,50,191,6185.43,181,191,114.6,32.38445026178011,3711.258,high,Q2,3,5,3,11
1060,870,69,14736.56,170,69,2.3793103448275863,213.57333333333332,508.15724137931034,medium,Q4,3,2,5,10
1061,196,22,1724.98,356,22,3.36734693877551,78.40818181818182,264.02755102040817,medium,Q1,1,1,1,3
1062,1327,93,5997.94,191,93,2.1024868123587037,64.49397849462365,135.59773926149208,medium,Q2,3,3,3,9
1063,417,195,14543.58,155,195,14.028776978417266,74.58246153846154,1046.3007194244603,high,Q4,3,5,5,13
1064,630,76,12989.33,188,76,3.619047619047619,170.91223684210527,618.5395238095238,medium,Q4,3,2,5,10
1065,345,154,12265.23,7,154,13.391304347826088,79.64435064935064,1066.5417391304347,high,Q4,5,4,5,14
1066,43,144,3905.65,133,144,100.46511627906976,27.122569444444444,2724.8720930232557,high,Q2,4,4,2,10
1067,271,179,2604.77,235,179,19.81549815498155,14.551787709497207,288.3509225092251,high,Q1,2,5,1,8
1068,806,86,10046.22,45,86,3.2009925558312653,116.81651162790696,373.9287841191067,medium,Q3,5,3,4,12
1069,1399,185,13944.17,314,185,3.967119370979271,75.37389189189189,299.0172265904217,medium,Q4,1,5,5,11
1070,594,29,8373.61,249,29,1.4646464646464645,288.7451724137931,422.90959595959595,low,Q3,2,1,3,6
1071,927,69,8595.61,31,69,2.233009708737864,124.5740579710145,278.1750809061489,medium,Q3,5,2,3,10
1072,1393,47,4235.69,23,47,1.0122038765254846,90.12106382978723,91.22089016511127,low,Q2,5,2,2,9
1073,121,94,11553.92,160,94,23.305785123966942,122.91404255319149,2864.60826446281,high,Q4,3,3,4,10
1074,1420,190,2846.3,363,190,4.014084507042253,14.980526315789474,60.1330985915493,medium,Q1,1,5,2,8
1075,985,197,4889.0,158,197,6.0,24.81725888324873,148.9035532994924,medium,Q2,3,5,2,10
1076,1508,144,6410.27,39,144,2.8647214854111405,44.51576388888889,127.5252652519894,medium,Q2,5,4,3,12
1077,1481,176,7638.78,82,176,3.5651586765698853,43.40215909090909,154.73558406482107,medium,Q3,4,5,3,12
1078,538,85,3674.03,356,85,4.739776951672862,43.22388235294118,204.87156133828998,medium,Q2,1,2,2,5
1079,805,39,1766.81,258,39,1.453416149068323,45.30282051282051,65.84385093167703,low,Q1,2,1,1,4
1080,64,100,9178.77,206,100,46.875,91.7877,4302.548437500001,high,Q3,3,3,4,10
1081,235,33,4365.03,77,33,4.212765957446809,132.27363636363634,557.2378723404255,medium,Q2,4,1,2,7
1082,1134,101,8739.51,12,101,2.671957671957672,86.52980198019802,231.20396825396827,medium,Q3,5,3,3,11
1083,1615,23,2357.72,295,23,0.42724458204334365,102.5095652173913,43.796656346749224,low,Q1,2,1,1,4
1084,1441,10,7243.04,224,10,0.20818875780707843,724.304,150.79195003469812,low,Q3,2,1,3,6
1085,1055,69,8012.21,13,69,1.962085308056872,116.11898550724638,227.835355450237,low,Q3,5,2,3,10
1086,1051,100,824.76,46,100,2.8544243577545196,8.2476,23.542150333016178,medium,Q1,5,3,1,9
1087,1443,34,5082.23,155,34,0.7068607068607068,149.47735294117646,105.65966735966735,low,Q2,3,1,2,6
1088,595,180,2059.5,113,180,9.07563025210084,11.441666666666666,103.84033613445379,medium,Q1,4,5,1,10
1089,1159,138,997.46,233,138,3.572044866264021,7.227971014492754,25.818636755823988,medium,Q1,2,4,1,7
1090,1530,147,14849.91,17,147,2.8823529411764706,101.01979591836735,291.17470588235295,medium,Q4,5,4,5,14
1091,732,186,4869.19,360,186,7.622950819672131,26.17844086021505,199.55696721311475,medium,Q2,1,5,2,8
1092,431,96,12157.62,223,96,6.682134570765661,126.64187500000001,846.2380510440836,medium,Q4,3,3,5,11
1093,759,1,3856.88,354,1,0.039525691699604744,3856.88,152.44584980237155,low,Q2,1,1,2,4
1094,1609,69,10238.47,188,69,1.2865133623368552,148.38362318840578,190.8975139838409,low,Q3,3,2,4,9
1095,191,4,11415.41,344,4,0.6282722513089005,2853.8525,1792.9963350785342,low,Q4,1,1,4,6
1096,231,16,8954.8,163,16,2.0779220779220777,559.675,1162.9610389610389,medium,Q3,3,1,4,8
1097,1025,24,7100.06,326,24,0.702439024390244,295.83583333333337,207.80663414634148,low,Q2,1,1,3,5
1098,299,80,6207.02,74,80,8.02675585284281,77.58775,622.7779264214047,medium,Q2,4,2,3,9
1099,845,2,5265.58,233,2,0.07100591715976332,2632.79,186.94366863905324,low,Q2,2,1,2,5
1100,1324,128,13946.46,224,128,2.900302114803625,108.95671875,316.0074018126888,medium,Q4,2,4,5,11
1101,485,160,12467.76,319,160,9.896907216494844,77.9235,771.201649484536,medium,Q4,1,4,5,10
1102,1515,84,14477.15,60,84,1.6633663366336633,172.34702380952382,286.67623762376235,low,Q4,5,2,5,12
1103,1780,152,1908.24,335,152,2.561797752808989,12.55421052631579,32.16134831460674,medium,Q1,1,4,1,6
1104,1305,140,10976.47,222,140,3.218390804597701,78.40335714285713,252.3326436781609,medium,Q3,3,4,4,11
1105,1046,178,14078.19,37,178,5.105162523900574,79.09095505617978,403.7721797323136,medium,Q4,5,5,5,15
1106,1755,163,2759.43,278,163,2.786324786324786,16.929018404907975,47.16974358974359,medium,Q1,2,5,1,8
1107,325,124,1044.12,196,124,11.446153846153846,8.420322580645161,96.38030769230768,high,Q1,3,4,1,8
1108,1778,33,11129.75,352,33,0.5568053993250843,337.2651515151515,187.791057367829,low,Q4,1,1,4,6
1109,749,161,8638.37,242,161,6.4485981308411215,53.654472049689446,345.99612817089456,medium,Q3,2,5,3,10
1110,367,189,12635.34,324,189,15.449591280653951,66.8536507936508,1032.8615803814714,high,Q4,1,5,5,11
1111,908,179,2139.6,219,179,5.91409691629956,11.953072625698324,70.69162995594714,medium,Q1,3,5,1,9
1112,1106,171,11939.25,192,171,4.638336347197106,69.8201754385965,323.8494575045208,medium,Q4,3,5,4,12
1113,821,101,3064.33,17,101,3.6906211936662605,30.33990099009901,111.97308160779536,medium,Q1,5,3,2,10
1114,246,12,2496.66,12,12,1.4634146341463417,208.05499999999998,304.4707317073171,low,Q1,5,1,1,7
1115,793,67,2505.77,193,67,2.5346784363177806,37.39955223880597,94.79583858764187,medium,Q1,3,2,1,6
1116,217,65,12227.89,22,65,8.986175115207374,188.1213846153846,1690.4917050691242,medium,Q4,5,2,5,12
1117,409,161,9994.7,120,161,11.809290953545233,62.078881987577645,733.1075794621028,high,Q3,4,5,4,13
1118,522,168,7869.83,210,168,9.655172413793105,46.84422619047619,452.28908045977016,medium,Q3,3,5,3,11
1119,1094,74,5414.52,306,74,2.029250457038391,73.1691891891892,148.4786106032907,medium,Q2,1,2,2,5
1120,1210,43,13164.15,270,43,1.0661157024793388,306.14302325581394,326.38388429752064,low,Q4,2,1,5,8
1121,44,44,5917.05,192,44,30.000000000000004,134.47840909090908,4034.352272727273,high,Q2,3,1,3,7
1122,94,29,12258.16,175,29,9.25531914893617,422.6951724137931,3912.1787234042554,medium,Q4,3,1,5,9
1123,550,141,6615.07,285,141,7.690909090909091,46.91539007092199,360.822,medium,Q2,2,4,3,9
1124,1397,12,5685.32,204,12,0.25769506084466715,473.77666666666664,122.08990694345023,low,Q2,3,1,2,6
1125,1182,95,6967.06,164,95,2.4111675126903553,73.33747368421054,176.8289340101523,medium,Q2,3,3,3,9
1126,677,46,4555.6,251,46,2.0384047267355982,99.03478260869566,201.87296898079765,medium,Q2,2,2,2,6
1127,1525,130,11226.76,227,130,2.5573770491803276,86.35969230769231,220.8542950819672,medium,Q4,2,4,4,10
1128,1116,35,7565.67,7,35,0.9408602150537634,216.162,203.3782258064516,low,Q3,5,1,3,9
1129,1192,81,3521.58,29,81,2.0385906040268456,43.4762962962963,88.63036912751677,medium,Q2,5,2,2,9
1130,1552,90,13498.64,33,90,1.7396907216494846,149.9848888888889,260.92731958762886,low,Q4,5,3,5,13
1131,622,8,5789.17,134,8,0.3858520900321543,723.64625,279.22041800643086,low,Q2,4,1,3,8
1132,421,93,8176.12,79,93,6.6270783847981,87.91526881720429,582.6213776722091,medium,Q3,4,3,3,10
1133,1728,154,13601.76,58,154,2.673611111111111,88.32311688311688,236.14166666666665,medium,Q4,5,4,5,14
1134,448,90,9382.36,26,90,6.026785714285714,104.24844444444444,628.2830357142857,medium,Q3,5,3,4,12
1135,318,162,1797.63,226,162,15.283018867924529,11.096481481481483,169.58773584905663,high,Q1,2,5,1,8
1136,408,115,14100.49,285,115,8.455882352941178,122.61295652173912,1036.8007352941177,medium,Q4,2,3,5,10
1137,1543,105,9434.24,4,105,2.0414776409591706,89.84990476190475,183.42657161373947,medium,Q3,5,3,4,12
1138,260,135,5056.84,99,135,15.576923076923078,37.45807407407408,583.4815384615385,high,Q2,4,4,2,10
1139,1047,196,2132.12,39,196,5.616045845272207,10.878163265306123,61.092263610315186,medium,Q1,5,5,1,11
1140,70,58,11920.68,271,58,24.857142857142854,205.52896551724137,5108.862857142857,high,Q4,2,2,4,8
1141,1081,114,9320.09,285,114,3.163737280296022,81.7551754385965,258.65189639222945,medium,Q3,2,3,4,9
1142,164,75,8025.24,157,75,13.71951219512195,107.00319999999999,1468.0317073170731,high,Q3,3,2,3,8
1143,230,157,13413.69,75,157,20.478260869565215,85.43751592356688,1749.6117391304347,high,Q4,4,4,5,13
1144,809,120,11839.53,288,120,4.449938195302844,98.66275,439.0431396786156,medium,Q4,2,3,4,9
1145,959,164,2317.54,130,164,5.130344108446298,14.131341463414634,72.49864442127216,medium,Q1,4,5,1,10
1146,1086,21,4710.24,175,21,0.580110497237569,224.29714285714286,130.11712707182318,low,Q2,3,1,2,6
1147,1101,164,3764.91,84,164,4.468664850136239,22.956768292682927,102.58610354223433,medium,Q2,4,5,2,11
1148,532,138,11172.0,22,138,7.781954887218045,80.95652173913044,630.0,medium,Q4,5,4,4,13
1149,436,101,551.31,27,101,6.9495412844036695,5.458514851485148,37.934174311926604,medium,Q1,5,3,1,9
1150,1627,152,8569.85,195,152,2.8027043638598648,56.38059210526316,158.01813153042409,medium,Q3,3,4,3,10
1151,1781,192,11448.76,337,192,3.2341381246490735,59.62895833333334,192.84828747894443,medium,Q4,1,5,4,10
1152,834,177,13157.65,236,177,6.366906474820143,74.33700564971751,473.29676258992805,medium,Q4,2,5,5,12
1153,128,99,5164.12,92,99,23.203125,52.16282828282828,1210.340625,high,Q2,4,3,2,9
1154,713,36,12327.8,21,36,1.514726507713885,342.43888888888887,518.7012622720897,low,Q4,5,1,5,11
1155,755,96,1703.94,303,96,3.814569536423841,17.749375,67.70622516556291,medium,Q1,1,3,1,5
1156,1600,152,12704.46,357,152,2.85,83.58197368421052,238.20862499999998,medium,Q4,1,4,5,10
1157,990,151,1955.96,84,151,4.575757575757576,12.95337748344371,59.27151515151515,medium,Q1,4,4,1,9
1158,1792,190,5989.44,262,190,3.180803571428571,31.52336842105263,100.26964285714286,medium,Q2,2,5,3,10
1159,642,37,11969.57,147,37,1.7289719626168225,323.5018918918919,559.3257009345795,low,Q4,4,1,4,9
1160,1515,12,2291.27,257,12,0.2376237623762376,190.93916666666667,45.37168316831683,low,Q1,2,1,1,4
1161,672,113,3477.31,58,113,5.044642857142858,30.772654867256637,155.2370535714286,medium,Q1,5,3,2,10
1162,1058,183,10847.68,15,183,5.189035916824197,59.27693989071038,307.59017013232517,medium,Q3,5,5,4,14
1163,1271,13,10814.55,162,13,0.3068450039339103,831.8884615384615,255.2608182533438,low,Q3,3,1,4,8
1164,532,23,9635.16,163,23,1.2969924812030074,418.92,543.3360902255639,low,Q3,3,1,4,8
1165,796,99,10424.53,320,99,3.7311557788944723,105.29828282828284,392.8842964824121,medium,Q3,1,3,4,8
1166,427,105,8163.73,281,105,7.3770491803278695,77.74980952380952,573.564168618267,medium,Q3,2,3,3,8
1167,900,30,3814.4,280,30,1.0,127.14666666666668,127.14666666666668,low,Q2,2,1,2,5
1168,824,17,5218.16,12,17,0.6189320388349515,306.9505882352941,189.98155339805825,low,Q2,5,1,2,8
1169,422,113,2764.89,274,113,8.033175355450236,24.46805309734513,196.55616113744074,medium,Q1,2,3,1,6
1170,236,62,13631.34,271,62,7.88135593220339,219.86032258064517,1732.7974576271188,medium,Q4,2,2,5,9
1171,1068,84,8771.71,208,84,2.359550561797753,104.42511904761903,246.3963483146067,medium,Q3,3,2,4,9
1172,1607,112,6042.73,27,112,2.09085252022402,53.95294642857142,112.8076540136901,medium,Q2,5,3,3,11
1173,921,86,6956.99,72,86,2.801302931596091,80.89523255813953,226.61205211726383,medium,Q2,4,3,3,10
1174,1514,141,14211.89,60,141,2.793923381770145,100.79354609929078,281.60944517833553,medium,Q4,5,4,5,14
1175,1744,187,2342.6,145,187,3.216743119266055,12.527272727272727,40.29701834862385,medium,Q1,4,5,1,10
1176,1628,19,8814.14,93,19,0.3501228501228501,463.90210526315786,162.42272727272726,low,Q3,4,1,4,9
1177,893,177,7613.04,309,177,5.9462486002239645,43.01152542372881,255.7572228443449,medium,Q3,1,5,3,9
1178,772,100,9191.24,8,100,3.8860103626943006,91.91239999999999,357.1725388601036,medium,Q3,5,3,4,12
1179,1294,140,320.75,79,140,3.2457496136012365,2.2910714285714286,7.436244204018547,medium,Q1,4,4,1,9
1180,593,189,13088.25,27,189,9.561551433389544,69.25,662.137436762226,medium,Q4,5,5,5,15
1181,1050,147,13985.17,174,147,4.2,95.13721088435375,399.5762857142857,medium,Q4,3,4,5,12
1182,125,76,8498.74,50,76,18.24,111.82552631578947,2039.6975999999997,high,Q3,5,2,3,10
1183,1787,9,10464.93,199,9,0.1510912143256855,1162.77,175.68433128147734,low,Q3,3,1,4,8
1184,514,199,13841.37,349,199,11.614785992217898,69.5546231155779,807.8620622568094,high,Q4,1,5,5,11
1185,1460,28,10623.22,181,28,0.5753424657534247,379.4007142857143,218.28534246575342,low,Q3,3,1,4,8
1186,260,128,2330.46,24,128,14.76923076923077,18.20671875,268.89923076923077,high,Q1,5,4,1,10
1187,778,52,8665.51,316,52,2.005141388174807,166.6444230769231,334.1456298200514,medium,Q3,1,2,3,6
1188,1708,83,9120.39,46,83,1.4578454332552695,109.88421686746987,160.1942037470726,low,Q3,5,2,4,11
1189,1224,111,6390.75,15,111,2.7205882352941178,57.57432432432432,156.63602941176472,medium,Q2,5,3,3,11
1190,570,144,11059.84,153,144,7.578947368421052,76.80444444444444,582.0968421052631,medium,Q3,4,4,4,12
1191,1089,117,14018.79,222,117,3.223140495867769,119.81871794871796,386.19256198347114,medium,Q4,3,3,5,11
1192,554,69,13887.25,206,69,3.736462093862816,201.2644927536232,752.0171480144405,medium,Q4,3,2,5,10
1193,1213,99,6790.05,273,99,2.448474855729596,68.58636363636364,167.93198680956309,medium,Q2,2,3,3,8
1194,1752,140,1742.91,236,140,2.397260273972603,12.449357142857144,29.844349315068495,medium,Q1,2,4,1,7
1195,1296,25,14773.38,340,25,0.5787037037037037,590.9352,341.97638888888883,low,Q4,1,1,5,7
1196,1139,180,12591.53,228,180,4.741000877963125,69.95294444444446,331.64697102721686,medium,Q4,2,5,5,12
1197,607,123,1913.71,9,123,6.079077429983525,15.558617886178862,94.5820428336079,medium,Q1,5,4,1,10
1198,711,53,13816.59,166,53,2.236286919831224,260.6903773584906,582.9784810126582,medium,Q4,3,2,5,10
1199,586,151,13054.95,319,151,7.73037542662116,86.4566225165563,668.3421501706484,medium,Q4,1,4,5,10
1200,1627,144,7806.63,214,144,2.6551936078672402,54.21270833333333,143.94523663183773,medium,Q3,3,4,3,10
1201,1042,57,8889.57,117,57,1.6410748560460653,155.95736842105262,255.9377159309021,low,Q3,4,2,4,10
1202,675,39,6015.09,344,39,1.7333333333333334,154.23307692307694,267.33733333333333,low,Q2,1,1,3,5
1203,825,109,868.69,72,109,3.963636363636364,7.969633027522936,31.588727272727276,medium,Q1,4,3,1,8
1204,1081,181,5061.2,64,181,5.023126734505088,27.96243093922652,140.45883441258096,medium,Q2,5,5,2,12
1205,1673,42,12052.66,205,42,0.7531380753138075,286.96809523809526,216.12659892408846,low,Q4,3,1,5,9
1206,1609,186,119.25,209,186,3.4679925419515225,0.6411290322580645,2.223430702299565,medium,Q1,3,5,1,9
1207,1393,167,5035.81,72,167,3.596554199569275,30.154550898203595,108.4524766690596,medium,Q2,4,5,2,11
1208,1384,142,6002.62,277,142,3.078034682080925,42.27197183098591,130.11459537572253,medium,Q2,2,4,3,9
1209,1693,122,8084.06,274,122,2.1618428824571767,66.2627868852459,143.24973419964562,medium,Q3,2,3,3,8
1210,1559,133,13801.84,320,133,2.5593329057087875,103.77323308270677,265.5902501603592,medium,Q4,1,4,5,10
1211,1401,163,5227.87,338,163,3.490364025695931,32.07282208588957,111.9458244111349,medium,Q2,1,5,2,8
1212,1526,75,5236.95,95,75,1.474442988204456,69.826,102.95445609436435,low,Q2,4,2,2,8
1213,1284,146,11075.64,166,146,3.411214953271028,75.86054794520548,258.7766355140187,medium,Q3,3,4,4,11
1214,219,76,6810.66,32,76,10.41095890410959,89.61394736842105,932.9671232876713,high,Q2,5,2,3,10
1215,1278,9,3407.84,11,9,0.2112676056338028,378.6488888888889,79.9962441314554,low,Q1,5,1,2,8
1216,1438,74,6813.97,301,74,1.5438108484005564,92.08067567567568,142.15514603616134,low,Q2,1,2,3,6
1217,1430,186,2155.81,217,186,3.902097902097902,11.590376344086021,45.22678321678322,medium,Q1,3,5,1,9
1218,1336,145,2686.99,289,145,3.2559880239520957,18.530965517241377,60.33660179640718,medium,Q1,2,4,1,7
1219,662,7,7500.6,102,7,0.31722054380664655,1071.5142857142857,339.90634441087616,low,Q3,4,1,3,8
1220,657,174,6312.94,267,174,7.9452054794520555,36.28126436781609,288.262100456621,medium,Q2,2,5,3,10
1221,1002,141,13726.95,214,141,4.221556886227545,97.35425531914895,410.9865269461078,medium,Q4,3,4,5,12
1222,1798,168,5467.79,179,168,2.8031145717463852,32.546369047619045,91.23120133481646,medium,Q2,3,5,2,10
1223,1312,170,8729.8,88,170,3.8871951219512195,51.351764705882346,199.61432926829266,medium,Q3,4,5,3,12
1224,1412,137,9502.35,41,137,2.9107648725212463,69.3602189781022,201.89128895184135,medium,Q3,5,4,4,13
1225,739,178,245.76,76,178,7.225981055480379,1.3806741573033707,9.976725304465493,medium,Q1,4,5,1,10
1226,1509,27,9969.88,46,27,0.5367793240556661,369.2548148148148,198.2083499005964,low,Q3,5,1,4,10
1227,1464,122,2711.64,160,122,2.5,22.22655737704918,55.56639344262295,medium,Q1,3,3,1,7
1228,678,194,14418.0,80,194,8.584070796460177,74.31958762886597,637.9646017699115,medium,Q4,4,5,5,14
1229,347,5,2272.51,310,5,0.43227665706051877,454.50200000000007,196.4706051873199,low,Q1,1,1,1,3
1230,1730,29,6248.63,86,29,0.5028901734104047,215.47,108.3577456647399,low,Q2,4,1,3,8
1231,1278,165,1325.98,92,165,3.873239436619718,8.036242424242424,31.126291079812205,medium,Q1,4,5,1,10
1232,1287,166,14953.27,148,166,3.8694638694638694,90.07993975903615,348.5610722610723,medium,Q4,4,5,5,14
1233,713,83,7557.82,161,83,3.492286115007013,91.05807228915663,318.0008415147265,medium,Q3,3,2,3,8
1234,693,136,8951.01,202,136,5.887445887445887,65.81625,387.4896103896104,medium,Q3,3,4,4,11
1235,1427,109,1052.79,242,109,2.2915206727400137,9.658623853211008,22.132936229852834,medium,Q1,2,3,1,6
1236,1725,65,11261.91,353,65,1.1304347826086956,173.26015384615386,195.85930434782608,low,Q4,1,2,4,7
1237,1661,86,3188.09,2,86,1.5532811559301625,37.070813953488376,57.58139674894642,low,Q1,5,3,2,10
1238,1525,145,13475.91,225,145,2.8524590163934427,92.93731034482758,265.099868852459,medium,Q4,2,4,5,11
1239,1286,71,3116.84,289,71,1.656298600311042,43.89915492957747,72.71010886469674,low,Q1,2,2,2,6
1240,1745,45,2900.78,233,45,0.7736389684813754,64.46177777777778,49.87014326647565,low,Q1,2,1,2,5
1241,1166,132,596.42,77,132,3.3962264150943398,4.518333333333333,15.345283018867923,medium,Q1,4,4,1,9
1242,1550,36,7107.4,116,36,0.6967741935483871,197.42777777777778,137.5625806451613,low,Q2,4,1,3,8
1243,471,70,8494.37,154,70,4.45859872611465,121.34814285714288,541.0426751592357,medium,Q3,3,2,3,8
1244,593,159,1032.34,103,159,8.043844856661046,6.492704402515723,52.22630691399662,medium,Q1,4,4,1,9
1245,1321,19,11644.14,194,19,0.43149129447388346,612.8494736842105,264.43921271763816,low,Q4,3,1,4,8
1246,1563,189,6826.67,166,189,3.6276391554702494,36.11994708994709,131.03013435700575,medium,Q2,3,5,3,11
1247,1439,108,7889.63,359,108,2.2515635858234884,73.05212962962963,164.4815149409312,medium,Q3,1,3,3,7
1248,1440,182,6639.4,90,182,3.7916666666666665,36.48021978021978,138.32083333333333,medium,Q2,4,5,3,12
1249,1166,167,6041.41,174,167,4.296740994854202,36.17610778443114,155.4393653516295,medium,Q2,3,5,3,11
1250,1666,91,8416.62,122,91,1.638655462184874,92.49032967032969,151.55978391356544,low,Q3,4,3,3,10
1251,1678,90,2370.84,143,90,1.6090584028605484,26.34266666666667,42.386889153754474,low,Q1,4,3,1,8
1252,981,19,2769.83,106,19,0.581039755351682,145.78052631578947,84.70428134556575,low,Q1,4,1,1,6
1253,1134,39,12933.7,305,39,1.0317460317460319,331.6333333333333,342.1613756613757,low,Q4,1,1,5,7
1254,728,126,14194.43,360,126,5.1923076923076925,112.65420634920635,584.9353021978022,medium,Q4,1,4,5,10
1255,142,195,5630.97,317,195,41.19718309859155,28.87676923076923,1189.6415492957747,high,Q2,1,5,2,8
1256,31,173,4097.63,123,173,167.41935483870967,23.6857225433526,3965.448387096774,high,Q2,4,5,2,11
1257,671,141,9677.79,9,141,6.3040238450074515,68.6368085106383,432.6880774962743,medium,Q3,5,4,4,13
1258,249,126,6160.58,262,126,15.180722891566264,48.89349206349206,742.2385542168674,high,Q2,2,4,3,9
1259,1619,58,429.53,73,58,1.0747374922791846,7.405689655172413,7.959172328597899,low,Q1,4,2,1,7
1260,884,148,2384.48,359,148,5.02262443438914,16.111351351351352,80.9212669683258,medium,Q1,1,4,1,6
1261,1789,61,10753.78,223,61,1.0229178311906093,176.29147540983607,180.33169368362215,low,Q3,3,2,4,9
1262,1278,127,9900.91,41,127,2.981220657276995,77.95992125984252,232.4157276995305,medium,Q3,5,4,4,13
1263,414,105,455.09,204,105,7.608695652173913,4.334190476190476,32.97753623188405,medium,Q1,3,3,1,7
1264,1456,167,3368.48,264,167,3.440934065934066,20.17053892215569,69.4054945054945,medium,Q1,2,5,2,9
1265,1691,1,3504.57,328,1,0.017740981667652277,3504.57,62.17451212300414,low,Q1,1,1,2,4
1266,1183,131,10094.8,178,131,3.3220625528317838,77.05954198473282,255.99661876584955,medium,Q3,3,4,4,11
1267,1106,92,344.67,348,92,2.4954792043399636,3.746413043478261,9.349095840867992,medium,Q1,1,3,1,5
1268,1737,190,1606.42,318,190,3.2815198618307426,8.454842105263157,27.744732297063905,medium,Q1,1,5,1,7
1269,759,191,12008.75,84,191,7.549407114624506,62.87303664921466,474.65415019762844,medium,Q4,4,5,5,14
1270,1725,113,2719.24,318,113,1.9652173913043478,24.064070796460175,47.2911304347826,low,Q1,1,3,1,5
1271,1763,153,9808.55,111,153,2.6035167328417472,64.10816993464051,166.9066931366988,medium,Q3,4,4,4,12
1272,1469,56,3610.83,251,56,1.143635125936011,64.47910714285715,73.74057181756297,low,Q2,2,2,2,6
1273,276,161,1536.65,7,161,17.5,9.544409937888199,167.0271739130435,high,Q1,5,5,1,11
1274,865,166,3685.42,84,166,5.757225433526012,22.201325301204818,127.81803468208093,medium,Q2,4,5,2,11
1275,1492,117,10847.89,208,117,2.3525469168900806,92.71700854700855,218.12111260053618,medium,Q3,3,3,4,10
1276,232,134,12842.66,314,134,17.32758620689655,95.84074626865672,1660.6887931034482,high,Q4,1,4,5,10
1277,1237,58,12461.79,22,58,1.4066289409862571,214.8584482758621,302.22611156022634,low,Q4,5,2,5,12
1278,152,44,5987.89,3,44,8.68421052631579,136.0884090909091,1181.8203947368422,medium,Q2,5,1,3,9
1279,430,173,10037.87,127,173,12.069767441860465,58.02236994219653,700.316511627907,high,Q3,4,5,4,13
1280,796,160,3114.52,297,160,6.030150753768844,19.46575,117.38140703517587,medium,Q1,2,4,2,8
1281,323,173,4432.56,188,173,16.068111455108358,25.621734104046244,411.69287925696597,high,Q2,3,5,2,10
1282,309,61,13450.22,362,61,5.922330097087379,220.49540983606556,1305.8466019417474,medium,Q4,1,2,5,8
1283,913,47,244.38,14,47,1.5443592552026286,5.199574468085106,8.030010952902519,low,Q1,5,2,1,8
1284,1663,149,1328.35,12,149,2.687913409500902,8.915100671140939,23.963018641010223,medium,Q1,5,4,1,10
1285,227,80,3157.9,87,80,10.572687224669604,39.47375,417.3436123348018,high,Q1,4,2,2,8
1286,1011,118,446.66,12,118,3.501483679525222,3.785254237288136,13.254005934718101,medium,Q1,5,3,1,9
1287,1564,164,2762.46,25,164,3.1457800511508953,16.844268292682926,52.9883631713555,medium,Q1,5,5,1,11
1288,781,147,8766.47,301,147,5.646606914212548,59.63585034013605,336.7402048655569,medium,Q3,1,4,4,9
1289,173,20,6350.3,243,20,3.468208092485549,317.515,1101.2080924855493,medium,Q2,2,1,3,6
1290,638,185,13395.44,122,185,8.699059561128527,72.40778378378378,629.8796238244514,medium,Q4,4,5,5,14
1291,1254,146,12270.78,147,146,3.4928229665071773,84.04643835616439,293.5593301435407,medium,Q4,4,4,5,13
1292,1177,47,5160.17,55,47,1.1979609175870858,109.79085106382979,131.5251486830926,low,Q2,5,2,2,9
1293,216,49,3928.38,238,49,6.805555555555555,80.17102040816327,545.6083333333333,medium,Q2,2,2,2,6
1294,1379,14,5726.4,356,14,0.3045685279187817,409.0285714285714,124.57722987672226,low,Q2,1,1,3,5
1295,493,143,8874.91,173,143,8.70182555780933,62.06230769230769,540.0553752535496,medium,Q3,3,4,4,11
1296,1402,159,4057.55,221,159,3.4022824536376604,25.519182389937107,86.8234664764622,medium,Q2,3,4,2,9
1297,689,1,9381.03,119,1,0.043541364296081284,9381.03,408.4628447024674,low,Q3,4,1,4,9
1298,793,117,6170.7,309,117,4.426229508196721,52.74102564102564,233.44388398486757,medium,Q2,1,3,3,7
1299,984,54,8303.11,183,54,1.6463414634146343,153.7612962962963,253.14359756097565,low,Q3,3,2,3,8
1300,432,118,6570.09,288,118,8.194444444444445,55.678728813559324,456.25625,medium,Q2,2,3,3,8
1301,1399,3,4452.26,307,3,0.06433166547533953,1484.0866666666668,95.47376697641172,low,Q2,1,1,2,4
1302,1564,144,14229.38,300,144,2.762148337595908,98.81513888888888,272.9420716112532,medium,Q4,2,4,5,11
1303,176,185,11465.91,82,185,31.53409090909091,61.97789189189189,1954.4164772727274,high,Q4,4,5,4,13
1304,1201,12,2144.69,211,12,0.2997502081598668,178.72416666666666,53.57260616153206,low,Q1,3,1,1,5
1305,893,74,13033.6,150,74,2.4860022396416572,176.12972972972975,437.85890257558793,medium,Q4,4,2,5,11
1306,1764,16,7337.1,37,16,0.272108843537415,458.56875,124.78061224489797,low,Q3,5,1,3,9
1307,518,102,13423.56,352,102,5.9073359073359075,131.6035294117647,777.4262548262549,medium,Q4,1,3,5,9
1308,958,152,12007.84,312,152,4.759916492693111,78.99894736842106,376.02839248434236,medium,Q4,1,4,5,10
1309,1693,156,6406.94,361,156,2.7643236857649147,41.0701282051282,113.53112817483756,medium,Q2,1,4,3,8
1310,580,117,385.92,59,117,6.051724137931035,3.2984615384615386,19.961379310344828,medium,Q1,5,3,1,9
1311,367,8,4066.73,131,8,0.6539509536784741,508.34125,332.43024523160767,low,Q2,4,1,2,7
1312,901,122,8147.43,202,122,4.062153163152053,66.7822131147541,271.2795782463929,medium,Q3,3,4,3,10
1313,670,92,9520.5,243,92,4.119402985074627,103.4836956521739,426.2910447761194,medium,Q3,2,3,4,9
1314,502,164,3905.42,35,164,9.800796812749004,23.813536585365853,233.39163346613546,medium,Q2,5,5,2,12
1315,180,90,2133.37,93,90,15.0,23.70411111111111,355.56166666666667,high,Q1,4,3,1,8
1316,1468,136,12532.21,207,136,2.779291553133515,92.14860294117646,256.10783378746595,medium,Q4,3,4,5,12
1317,1351,186,14766.81,353,186,4.130273871206514,79.39145161290323,327.9084381939304,medium,Q4,1,5,5,11
1318,1664,60,7909.07,332,60,1.0817307692307692,131.81783333333334,142.59140624999998,low,Q3,1,2,3,6
1319,292,178,2616.61,305,178,18.287671232876715,14.700056179775281,268.829794520548,high,Q1,1,5,1,7
1320,173,28,4120.99,350,28,4.855491329479769,147.1782142857143,714.6225433526012,medium,Q2,1,1,2,4
1321,375,101,324.94,213,101,8.08,3.2172277227722774,25.9952,medium,Q1,3,3,1,7
1322,653,41,13718.77,159,41,1.883614088820827,334.60414634146343,630.2650842266463,low,Q4,3,1,5,9
1323,1046,192,1810.38,24,192,5.506692160611855,9.4290625,51.92294455066922,medium,Q1,5,5,1,11
1324,1625,155,8668.92,293,155,2.8615384615384616,55.92851612903226,160.04160000000002,medium,Q3,2,4,3,9
1325,910,191,4147.13,4,191,6.2967032967032965,21.712722513089005,136.71857142857144,medium,Q2,5,5,2,12
1326,31,145,8334.96,220,145,140.32258064516128,57.482482758620684,8066.090322580643,high,Q3,3,4,3,10
1327,926,161,9788.73,364,161,5.215982721382289,60.799565217391304,317.12948164146866,medium,Q3,1,5,4,10
1328,1357,157,12454.64,20,157,3.4708916728076638,79.32891719745223,275.3420781134856,medium,Q4,5,4,5,14
1329,283,141,3136.0,152,141,14.946996466431095,22.24113475177305,332.4381625441696,high,Q1,4,4,2,10
1330,1705,46,214.39,50,46,0.8093841642228738,4.660652173913043,3.7722580645161288,low,Q1,5,2,1,8
1331,482,35,2096.44,177,35,2.1784232365145226,59.89828571428571,130.4838174273859,medium,Q1,3,1,1,5
1332,1090,134,13505.28,96,134,3.6880733944954125,100.78567164179105,371.70495412844036,medium,Q4,4,4,5,13
1333,1213,82,13114.66,105,82,2.0280296784831,159.9348780487805,324.35267930750206,medium,Q4,4,2,5,11
1334,1044,115,8981.33,250,115,3.3045977011494254,78.09852173913043,258.08419540229886,medium,Q3,2,3,4,9
1335,38,197,9027.73,117,197,155.5263157894737,45.82604060913705,7127.155263157894,high,Q3,4,5,4,13
1336,1286,47,9992.3,354,47,1.0964230171073095,212.60212765957445,233.101866251944,low,Q3,1,2,4,7
1337,1152,153,2671.8,228,153,3.984375,17.462745098039218,69.57812500000001,medium,Q1,2,4,1,7
1338,1712,194,13720.46,66,194,3.399532710280374,70.7240206185567,240.42862149532706,medium,Q4,5,5,5,15
1339,845,10,6310.62,335,10,0.35502958579881655,631.062,224.04568047337276,low,Q2,1,1,3,5
1340,237,56,5777.92,262,56,7.0886075949367084,103.17714285714285,731.3822784810127,medium,Q2,2,2,3,7
1341,1184,30,7807.82,295,30,0.7601351351351351,260.2606666666667,197.833277027027,low,Q3,2,1,3,6
1342,433,109,752.14,243,109,7.551963048498845,6.900366972477064,52.111316397228634,medium,Q1,2,3,1,6
1343,181,5,2535.94,186,5,0.8287292817679558,507.188,420.32154696132596,low,Q1,3,1,1,5
1344,83,119,11083.6,246,119,43.01204819277108,93.13949579831933,4006.120481927711,high,Q4,2,3,4,9
1345,1173,33,1287.84,125,33,0.8439897698209718,39.025454545454544,32.93708439897698,low,Q1,4,1,1,6
1346,1726,118,9067.12,268,118,2.0509849362688297,76.84,157.5976825028969,medium,Q3,2,3,4,9
1347,657,65,3717.97,131,65,2.9680365296803655,57.19953846153846,169.77031963470318,medium,Q2,4,2,2,8
1348,616,146,5869.97,237,146,7.11038961038961,40.20527397260274,285.87516233766235,medium,Q2,2,4,3,9
1349,1678,177,4365.97,18,177,3.164481525625745,24.666497175141245,78.0566746126341,medium,Q2,5,5,2,12
1350,1473,11,5367.31,40,11,0.2240325865580448,487.9372727272728,109.31384928716905,low,Q2,5,1,2,8
1351,1475,85,10799.74,21,85,1.728813559322034,127.05576470588235,219.65572881355934,low,Q3,5,2,4,11
1352,133,26,4491.97,225,26,5.864661654135338,172.76807692307693,1013.2263157894737,medium,Q2,2,1,2,5
1353,283,63,8517.75,355,63,6.678445229681978,135.20238095238096,902.9416961130742,medium,Q3,1,2,3,6
1354,1280,86,7166.95,282,86,2.015625,83.33662790697674,167.97539062500002,medium,Q2,2,3,3,8
1355,1165,59,9971.88,8,59,1.5193133047210299,169.01491525423728,256.78660944206007,low,Q3,5,2,4,11
1356,539,27,14055.6,100,27,1.5027829313543601,520.5777777777778,782.3153988868276,low,Q4,4,1,5,10
1357,1526,177,11001.95,240,177,3.4796854521625162,62.15790960451978,216.28997378768022,medium,Q3,2,5,4,11
1358,128,161,3263.36,87,161,37.734375,20.269316770186336,764.85,high,Q1,4,5,2,11
1359,182,98,516.19,298,98,16.153846153846153,5.267244897959184,85.08626373626375,high,Q1,2,3,1,6
1360,943,105,3970.85,14,105,3.3404029692470836,37.81761904761905,126.32608695652173,medium,Q2,5,3,2,10
1361,907,99,8946.42,334,99,3.274531422271224,90.3678787878788,295.9124586549063,medium,Q3,1,3,4,8
1362,367,129,818.82,2,129,10.544959128065395,6.347441860465117,66.93351498637603,high,Q1,5,4,1,10
1363,1759,149,7470.68,293,149,2.541216600341103,50.13879194630873,127.41353041500854,medium,Q3,2,4,3,9
1364,851,55,8972.8,325,55,1.9388954171562867,163.14181818181817,316.31492361927144,low,Q3,1,2,4,7
1365,1216,6,5046.95,41,6,0.1480263157894737,841.1583333333333,124.51356907894737,low,Q2,5,1,2,8
1366,1773,197,11575.14,318,197,3.333333333333333,58.75705583756345,195.85685279187817,medium,Q4,1,5,4,10
1367,986,95,1643.64,316,95,2.890466531440162,17.301473684210528,50.00933062880325,medium,Q1,1,3,1,5
1368,1734,133,1173.31,111,133,2.301038062283737,8.82187969924812,20.29948096885813,medium,Q1,4,4,1,9
1369,190,102,10936.42,14,102,16.105263157894736,107.21980392156863,1726.8031578947368,high,Q3,5,3,4,12
1370,1633,3,7457.6,231,3,0.05511328842620943,2485.866666666667,137.00428658909982,low,Q3,2,1,3,6
1371,830,181,10341.62,84,181,6.542168674698795,57.136022099447516,373.79349397590363,medium,Q3,4,5,4,13
1372,427,23,6550.67,130,23,1.6159250585480094,284.8117391304348,460.23442622950824,low,Q2,4,1,3,8
1373,1330,53,3733.71,231,53,1.1954887218045112,70.44735849056603,84.21902255639097,low,Q2,2,2,2,6
1374,845,165,12295.58,326,165,5.8579881656804735,74.51866666666666,436.5294674556213,medium,Q4,1,5,5,11
1375,1557,83,12001.27,145,83,1.599229287090559,144.59361445783134,231.2383429672447,low,Q4,4,2,5,11
1376,1445,145,10435.71,345,145,3.01038062283737,71.97041379310345,216.658339100346,medium,Q3,1,4,4,9
1377,1188,85,4118.57,28,85,2.146464646464646,48.45376470588235,104.00429292929292,medium,Q2,5,2,2,9
1378,1248,78,8873.95,66,78,1.875,113.76858974358976,213.31610576923077,low,Q3,5,2,4,11
1379,430,110,5446.56,163,110,7.674418604651162,49.514181818181825,379.9925581395349,medium,Q2,3,3,2,8
1380,669,1,1419.15,229,1,0.04484304932735426,1419.15,63.6390134529148,low,Q1,2,1,1,4
1381,1086,51,13763.84,261,51,1.4088397790055247,269.8792156862745,380.2165745856353,low,Q4,2,2,5,9
1382,717,173,2095.44,164,173,7.2384937238493725,12.112369942196532,87.67531380753138,medium,Q1,3,5,1,9
1383,489,4,14256.05,301,4,0.24539877300613497,3564.0125,874.6042944785275,low,Q4,1,1,5,7
1384,984,190,6717.79,303,190,5.7926829268292686,35.35678947368421,204.81067073170735,medium,Q2,1,5,3,9
1385,499,193,2817.74,287,193,11.603206412825651,14.599689119170984,169.40320641282565,high,Q1,2,5,1,8
1386,1428,113,8151.42,10,113,2.3739495798319328,72.13646017699115,171.24831932773108,medium,Q3,5,3,3,11
1387,1075,32,13100.54,195,32,0.8930232558139535,409.391875,365.5964651162791,low,Q4,3,1,5,9
1388,779,34,10996.76,118,34,1.3093709884467266,323.4341176470588,423.4952503209243,low,Q3,4,1,4,9
1389,1723,92,12108.09,270,92,1.6018572257690076,131.60967391304348,210.81990713871156,low,Q4,2,3,5,10
1390,67,95,9898.81,80,95,42.537313432835816,104.198,4432.302985074626,high,Q3,4,3,4,11
1391,259,72,10399.53,93,72,8.33976833976834,144.43791666666667,1204.5787644787647,medium,Q3,4,2,4,10
1392,1418,39,12745.47,266,39,0.8251057827926658,326.80692307692306,269.6502820874471,low,Q4,2,1,5,8
1393,592,154,3782.54,332,154,7.8040540540540535,24.56194805194805,191.68277027027025,medium,Q2,1,4,2,7
1394,467,162,7366.9,350,162,10.406852248394005,45.47469135802469,473.24839400428266,high,Q3,1,5,3,9
1395,1336,182,3357.08,361,182,4.086826347305389,18.445494505494505,75.38353293413174,medium,Q1,1,5,2,8
1396,56,118,14815.64,257,118,63.214285714285715,125.55627118644067,7936.95,high,Q4,2,3,5,10
1397,255,3,14163.69,133,3,0.35294117647058826,4721.2300000000005,1666.3164705882355,low,Q4,4,1,5,10
1398,1330,123,639.43,276,123,2.7744360902255636,5.1986178861788614,14.423233082706766,medium,Q1,2,4,1,7
1399,827,50,10598.35,264,50,1.8137847642079807,211.967,384.46251511487304,low,Q3,2,2,4,8
1400,1662,12,13882.46,171,12,0.21660649819494585,1156.8716666666667,250.58592057761732,low,Q4,3,1,5,9
1401,313,193,2749.6,1,193,18.49840255591054,14.246632124352331,263.5399361022364,high,Q1,5,5,1,11
1402,908,54,8540.78,313,54,1.7841409691629957,158.1625925925926,282.1843612334802,low,Q3,1,2,3,6
1403,989,133,13736.55,64,133,4.03437815975733,103.28233082706767,416.67997977755306,medium,Q4,5,4,5,14
1404,1534,57,557.49,284,57,1.1147327249022165,9.780526315789475,10.902672750977835,low,Q1,2,2,1,5
1405,482,145,10476.43,121,145,9.024896265560166,72.25124137931034,652.0599585062241,medium,Q3,4,4,4,12
1406,1049,112,4495.37,107,112,3.2030505243088654,40.137232142857144,128.5615824594852,medium,Q2,4,3,2,9
1407,845,47,13869.72,175,47,1.6686390532544377,295.1004255319149,492.4160946745562,low,Q4,3,2,5,10
1408,688,151,14567.32,204,151,6.584302325581396,96.4723178807947,635.2029069767442,medium,Q4,3,4,5,12
1409,1569,85,14166.78,165,85,1.6252390057361377,166.668,270.87533460803064,low,Q4,3,3,5,11
1410,576,142,7139.5,305,142,7.395833333333334,50.278169014084504,371.84895833333337,medium,Q2,1,4,3,8
1411,1245,66,12937.54,120,66,1.5903614457831325,196.02333333333334,311.74795180722896,low,Q4,4,2,5,11
1412,1102,75,12676.01,44,75,2.041742286751361,169.01346666666666,345.08194192377493,medium,Q4,5,2,5,12
1413,1565,179,4820.55,312,179,3.4313099041533546,26.9304469273743,92.40670926517572,medium,Q2,1,5,2,8
1414,46,103,12442.29,156,103,67.17391304347825,120.79893203883496,8114.536956521739,high,Q4,3,3,5,11
1415,1225,166,603.26,207,166,4.0653061224489795,3.6340963855421684,14.773714285714284,medium,Q1,3,5,1,9
1416,1273,192,8964.23,108,192,4.524744697564808,46.68869791666666,211.25443833464257,medium,Q3,4,5,4,13
1417,187,38,3488.63,251,38,6.096256684491979,91.80605263157895,559.6732620320855,medium,Q1,2,1,2,5
1418,506,50,1852.47,334,50,2.9644268774703555,37.0494,109.8302371541502,medium,Q1,1,2,1,4
1419,1099,98,1200.45,130,98,2.6751592356687897,12.249489795918368,32.76933575978162,medium,Q1,4,3,1,8
1420,1426,82,10459.52,293,82,1.7251051893408136,127.55512195121952,220.0460028050491,low,Q3,2,2,4,8
1421,547,30,5131.13,20,30,1.6453382084095063,171.03766666666667,281.41480804387567,low,Q2,5,1,2,8
1422,128,79,10885.26,282,79,18.515625,137.78810126582277,2551.2328125,high,Q3,2,2,4,8
1423,1798,91,1027.08,285,91,1.5183537263626252,11.286593406593406,17.137041156840933,low,Q1,2,3,1,6
1424,1090,179,4763.59,1,179,4.9266055045871555,26.61223463687151,131.10798165137615,medium,Q2,5,5,2,12
1425,309,191,8115.39,119,191,18.54368932038835,42.488952879581156,787.9019417475728,high,Q3,4,5,3,12
1426,1402,52,11871.31,35,52,1.1126961483594864,228.29442307692307,254.02232524964336,low,Q4,5,2,4,11
1427,526,166,4815.35,198,166,9.467680608365018,29.008132530120484,274.6397338403042,medium,Q2,3,5,2,10
1428,331,79,9407.08,245,79,7.16012084592145,119.07696202531646,852.6054380664652,medium,Q3,2,2,4,8
1429,210,30,13295.37,59,30,4.285714285714286,443.17900000000003,1899.3385714285716,medium,Q4,5,1,5,11
1430,636,106,9257.15,325,106,5.0,87.3316037735849,436.6580188679245,medium,Q3,1,3,4,8
1431,1152,51,3532.74,161,51,1.328125,69.26941176470588,91.9984375,low,Q2,3,2,2,7
1432,729,81,414.79,179,81,3.333333333333333,5.120864197530865,17.06954732510288,medium,Q1,3,2,1,6
1433,1022,133,13057.98,206,133,3.9041095890410955,98.1803007518797,383.3066536203522,medium,Q4,3,4,5,12
1434,1169,29,367.98,12,29,0.7442258340461932,12.68896551724138,9.443455945252353,low,Q1,5,1,1,7
1435,220,132,13126.79,276,132,18.0,99.4453787878788,1790.0168181818183,high,Q4,2,4,5,11
1436,282,138,7957.61,181,138,14.680851063829786,57.66384057971014,846.5542553191489,high,Q3,3,4,3,10
1437,1010,184,14089.06,242,184,5.465346534653466,76.57097826086957,418.4869306930693,medium,Q4,2,5,5,12
1438,957,145,11991.81,216,145,4.545454545454546,82.70213793103449,375.9188087774295,medium,Q4,3,4,5,12
1439,1214,74,14969.11,251,74,1.8286655683690278,202.28527027027027,369.9121087314662,low,Q4,2,2,5,9
1440,1309,17,5293.14,299,17,0.38961038961038963,311.36117647058825,121.30954927425516,low,Q2,2,1,2,5
1441,1376,84,11519.46,126,84,1.8313953488372092,137.13642857142855,251.15101744186043,low,Q4,4,2,4,10
1442,157,69,6058.87,217,69,13.184713375796179,87.80971014492754,1157.7458598726114,high,Q2,3,2,3,8
1443,47,34,7224.14,306,34,21.70212765957447,212.47470588235296,4611.153191489362,high,Q2,1,1,3,5
1444,1788,6,9431.21,285,6,0.10067114093959731,1571.868333333333,158.24177852348993,low,Q3,2,1,4,7
1445,595,53,13111.47,185,53,2.6722689075630255,247.3862264150943,661.0825210084033,medium,Q4,3,2,5,10
1446,599,194,14762.05,39,194,9.71619365609349,76.0930412371134,739.3347245409016,medium,Q4,5,5,5,15
1447,1376,126,11535.69,223,126,2.7470930232558137,91.55309523809524,251.50486918604653,medium,Q4,3,4,4,11
1448,715,43,6295.61,184,43,1.8041958041958044,146.4095348837209,264.15146853146854,low,Q2,3,1,3,7
1449,655,115,6349.29,178,115,5.2671755725190845,55.211217391304345,290.8071755725191,medium,Q2,3,3,3,9
1450,1341,111,11076.86,294,111,2.483221476510067,99.79153153153153,247.80447427293063,medium,Q3,2,3,4,9
1451,883,151,3619.72,340,151,5.1302378255945635,23.97165562913907,122.98029445073612,medium,Q2,1,4,2,7
1452,1716,183,1701.59,151,183,3.199300699300699,9.298306010928961,29.74807692307692,medium,Q1,4,5,1,10
1453,991,80,5351.6,126,80,2.421796165489405,66.89500000000001,162.00605449041373,medium,Q2,4,2,2,8
1454,1692,95,4344.22,301,95,1.6843971631205674,45.72863157894737,77.02517730496454,low,Q2,1,3,2,6
1455,184,118,4479.81,308,118,19.239130434782606,37.96449152542373,730.403804347826,high,Q2,1,3,2,6
1456,519,144,3542.44,336,144,8.323699421965317,24.600277777777777,204.76531791907513,medium,Q2,1,4,2,7
1457,1439,8,679.29,234,8,0.16678248783877692,84.91125,14.161709520500347,low,Q1,2,1,1,4
1458,814,132,317.22,8,132,4.864864864864865,2.4031818181818183,11.691154791154792,medium,Q1,5,4,1,10
1459,1157,104,14816.45,341,104,2.696629213483146,142.4658653846154,384.1776145203111,medium,Q4,1,3,5,9
1460,1446,132,6445.21,129,132,2.7385892116182573,48.827348484848486,133.7180497925311,medium,Q2,4,4,3,11
1461,275,184,5795.68,264,184,20.072727272727274,31.498260869565218,632.2560000000001,high,Q2,2,5,3,10
1462,1229,25,10210.73,157,25,0.6102522375915378,408.4292,249.2448331977217,low,Q3,3,1,4,8
1463,1092,195,3312.9,352,195,5.357142857142858,16.98923076923077,91.01373626373626,medium,Q1,1,5,2,8
1464,1530,96,14251.92,358,96,1.8823529411764706,148.4575,279.44941176470587,low,Q4,1,3,5,9
1465,1735,195,11805.86,5,195,3.371757925072046,60.5428717948718,204.13590778097984,medium,Q4,5,5,4,14
1466,788,155,1386.69,86,155,5.901015228426396,8.946387096774194,52.79276649746193,medium,Q1,4,4,1,9
1467,567,93,6292.83,175,93,4.920634920634921,67.66483870967741,332.9539682539683,medium,Q2,3,3,3,9
1468,950,160,13192.82,290,160,5.052631578947368,82.455125,416.6153684210526,medium,Q4,2,5,5,12
1469,437,178,14173.74,193,178,12.219679633867278,79.62775280898876,973.0256292906179,high,Q4,3,5,5,13
1470,554,61,7037.65,311,61,3.3032490974729245,115.37131147540983,381.10018050541515,medium,Q2,1,2,3,6
1471,857,122,9220.5,119,122,4.27071178529755,75.57786885245902,322.7712952158693,medium,Q3,4,4,4,12
1472,1559,51,2547.16,218,51,0.981398332264272,49.94431372549019,49.01526619627966,low,Q1,3,2,1,6
1473,932,147,14867.97,114,147,4.73175965665236,101.14265306122448,478.5827253218884,medium,Q4,4,4,5,13
1474,65,21,3513.49,145,21,9.692307692307693,167.30904761904762,1621.6107692307692,medium,Q1,4,1,2,7
1475,714,5,14143.84,26,5,0.21008403361344538,2828.768,594.2789915966387,low,Q4,5,1,5,11
1476,49,92,9762.22,136,92,56.3265306122449,106.11108695652173,5976.869387755101,high,Q3,4,3,4,11
1477,350,170,9135.67,303,170,14.571428571428573,53.73923529411765,783.0574285714287,high,Q3,1,5,4,10
1478,541,61,7714.69,232,61,3.3826247689463953,126.47032786885245,427.80166358595187,medium,Q3,2,2,3,7
1479,429,22,3498.51,76,22,1.5384615384615383,159.02318181818183,244.65104895104895,low,Q1,4,1,2,7
1480,683,149,2689.09,328,149,6.544655929721816,18.04758389261745,118.11522693997073,medium,Q1,1,4,1,6
1481,1001,70,3346.27,345,70,2.097902097902098,47.80385714285714,100.28781218781218,medium,Q1,1,2,2,5
1482,500,1,2837.25,302,1,0.06,2837.25,170.23499999999999,low,Q1,1,1,2,4
1483,1196,133,11704.79,289,133,3.3361204013377925,88.00593984962407,293.5984113712375,medium,Q4,2,4,4,10
1484,1145,12,5284.37,1,12,0.314410480349345,440.3641666666667,138.4551091703057,low,Q2,5,1,2,8
1485,1407,90,914.75,147,90,1.9189765458422174,10.16388888888889,19.504264392324096,low,Q1,4,3,1,8
1486,863,46,14538.08,287,46,1.5990730011587486,316.04521739130433,505.3793742757822,low,Q4,2,2,5,9
1487,756,34,13262.6,142,34,1.3492063492063493,390.0764705882353,526.2936507936508,low,Q4,4,1,5,10
1488,883,177,13919.9,53,177,6.013590033975085,78.64350282485876,472.92978482446205,medium,Q4,5,5,5,15
1489,80,78,14923.87,304,78,29.25,191.33166666666668,5596.451250000001,high,Q4,1,2,5,8
1490,1718,45,2649.73,69,45,0.7857974388824215,58.88288888888889,46.27002328288708,low,Q1,5,2,1,8
1491,1751,155,5973.82,361,155,2.655625356938892,38.54077419354839,102.34985722444317,medium,Q2,1,4,3,8
1492,604,73,11385.67,90,73,3.6258278145695364,155.9680821917808,565.5134105960265,medium,Q4,4,2,4,10
1493,1243,26,10455.51,220,26,0.6275140788415126,402.135,252.34537409493163,low,Q3,3,1,4,8
1494,1178,47,2350.74,192,47,1.1969439728353142,50.01574468085106,59.8660441426146,low,Q1,3,2,1,6
1495,179,121,12246.71,63,121,20.279329608938546,101.21247933884297,2052.521229050279,high,Q4,5,3,5,13
1496,343,56,3405.39,73,56,4.8979591836734695,60.81053571428571,297.8475218658892,medium,Q1,4,2,2,8
1497,599,94,3396.07,161,94,4.707846410684475,36.128404255319154,170.08697829716195,medium,Q1,3,3,2,8
1498,1395,107,8077.77,169,107,2.3010752688172045,75.49317757009347,173.71548387096774,medium,Q3,3,3,3,9
1499,334,63,8914.45,89,63,5.658682634730539,141.49920634920636,800.6991017964073,medium,Q3,4,2,4,10
1500,1745,48,8722.29,176,48,0.8252148997134671,181.71437500000002,149.95340974212036,low,Q3,3,2,3,8
