record_id,value,category,created_at
1,499.16,C,2026-03-28
2,9676.16,D,2025-03-11
3,6720.85,D,2024-10-12
4,40.88,C,2024-01-20
5,406.98,D,2026-01-08
6,5690.97,A,2023-05-06
7,8904.24,C,2023-01-25
8,6176.23,A,2023-08-18
9,1199.46,B,2025-06-14
10,6342.36,B,2025-09-06
11,3937.76,A,2025-11-29
12,9402.53,C,2024-04-21
13,3696.74,D,2023-10-19
14,8843.6,D,2023-11-27
15,7240.54,A,2026-01-30
16,263.03,D,2025-02-11
17,8096.78,C,2025-03-06
18,8577.13,C,2023-09-23
19,1805.92,C,2025-06-18
20,3258.58,B,2023-03-20
21,2518.71,B,2026-01-30
22,3854.96,D,2024-02-25
23,5396.98,B,2024-07-07
24,4482.79,D,2024-04-21
25,7074.2,B,2026-03-21
26,5774.22,A,2025-08-16
27,3580.12,D,2026-04-08
28,9827.36,C,2023-01-26
29,1780.04,A,2026-05-13
30,437.79,D,2026-02-19
31,7888.13,B,2025-07-24
32,1615.33,C,2023-06-30
33,8339.56,D,2025-12-13
34,1667.02,C,2025-04-29
35,8405.79,D,2025-01-23
36,4231.29,C,2025-04-24
37,9909.31,D,2024-03-08
38,6275.39,C,2025-05-12
39,5635.42,B,2024-06-10
40,8985.4,C,2023-03-19
41,1668.33,A,2023-12-25
42,7807.17,C,2024-03-04
43,8608.11,C,2023-02-01
44,2526.7,B,2025-12-05
45,8479.12,D,2023-06-18
46,777.45,A,2024-12-13
47,3335.71,D,2025-05-19
48,9221.13,B,2023-10-29
49,9659.8,B,2024-05-09
50,3252.13,A,2024-08-06
51,2959.98,A,2024-11-23
52,7280.02,C,2024-09-12
53,6772.44,C,2024-09-14
54,8666.99,B,2023-05-24
55,2872.68,B,2024-05-16
56,8338.95,C,2026-04-24
57,9466.72,D,2024-03-13
58,9831.08,D,2025-02-07
59,9806.96,D,2023-03-22
60,7728.41,A,2023-12-06
61,4860.41,A,2023-05-05
62,7348.58,D,2025-07-20
63,3016.69,A,2025-12-25
64,2055.29,A,2025-10-03
65,5761.86,A,2025-08-30
66,353.59,A,2026-03-05
67,1321.12,C,2024-04-04
68,9916.48,D,2025-08-05
69,5592.34,C,2023-02-22
70,275.06,C,2024-06-08
71,6820.94,D,2023-05-20
72,2769.42,A,2023-01-08
73,3281.41,D,2026-02-07
74,4369.72,A,2026-03-30
75,1046.37,A,2025-03-11
76,4091.88,B,2024-12-30
77,198.53,B,2023-02-16
78,8314.25,C,2023-12-16
79,8923.58,A,2024-02-09
80,3890.05,C,2025-01-30
81,1661.14,D,2025-09-25
82,1924.93,B,2023-01-11
83,9870.44,A,2026-01-03
84,2044.99,B,2025-10-17
85,5498.11,C,2025-05-21
86,3528.27,C,2026-03-10
87,2915.72,C,2024-03-26
88,2740.57,C,2024-06-09
89,697.43,C,2025-02-20
90,7268.68,C,2024-01-12
91,6344.87,A,2025-02-16
92,3132.88,A,2026-04-22
93,3274.04,D,2025-01-06
94,1186.08,D,2025-06-23
95,9136.59,A,2025-02-12
96,7320.78,B,2025-01-14
97,7255.97,D,2023-07-07
98,6195.18,D,2023-08-20
99,7725.87,B,2025-01-26
100,3477.18,B,2024-10-17
101,5912.41,C,2025-01-23
102,6345.65,B,2024-08-27
103,5751.24,C,2025-12-06
104,6011.65,A,2024-07-24
105,6357.65,A,2026-01-06
106,6275.61,D,2023-06-28
107,4500.87,C,2025-10-10
108,8344.03,B,2025-04-19
109,8164.07,A,2025-04-23
110,8585.04,D,2025-05-29
111,5440.6,C,2024-10-19
112,7223.67,D,2025-05-18
113,3321.17,C,2023-07-03
114,6833.81,B,2025-09-09
115,6731.16,B,2025-10-19
116,6214.14,C,2024-02-02
117,6341.33,C,2026-06-03
118,8381.54,C,2023-01-02
119,7934.55,A,2025-09-29
120,5942.6,D,2026-01-01
121,2874.27,C,2025-01-16
122,2426.19,B,2026-05-29
123,8562.63,C,2023-06-08
124,1781.19,B,2023-12-04
125,7104.14,B,2025-11-05
126,4194.48,A,2025-12-08
127,3418.34,B,2024-01-31
128,3240.26,B,2023-02-26
129,4504.47,B,2026-02-21
130,4746.21,D,2023-05-11
131,4010.75,D,2024-06-14
132,8457.87,C,2024-10-13
133,537.68,B,2026-06-05
134,7300.06,B,2023-06-09
135,2386.94,B,2025-09-14
136,4959.13,A,2023-05-11
137,7636.4,D,2023-02-19
138,6681.11,A,2025-08-27
139,5352.16,D,2026-03-13
140,2917.89,D,2023-12-31
141,1665.67,D,2024-07-28
142,5030.16,D,2024-02-14
143,591.18,A,2026-02-04
144,4784.53,A,2023-12-11
145,1527.94,D,2024-06-27
146,3102.48,D,2025-10-29
147,5621.74,B,2024-09-23
148,4519.82,C,2023-12-05
149,9595.8,B,2025-08-17
150,2975.68,A,2023-10-30
151,1701.27,D,2024-06-09
152,6416.29,C,2025-04-22
153,1321.26,B,2024-12-03
154,7588.08,B,2024-01-17
155,9139.04,B,2023-11-05
156,6143.99,C,2023-01-31
157,4302.58,D,2023-09-11
158,2437.82,C,2026-02-09
159,3606.06,D,2023-06-25
160,8141.9,B,2025-07-22
161,6660.35,A,2026-01-05
162,809.35,A,2025-10-01
163,7276.59,B,2024-03-08
164,4528.94,A,2026-05-20
165,1218.25,B,2023-11-09
166,1510.81,D,2026-02-23
167,4919.68,B,2024-01-16
168,49.89,A,2025-03-11
169,3976.46,C,2024-12-31
170,9783.01,C,2025-12-26
171,1837.59,A,2025-09-03
172,1552.46,B,2024-05-15
173,1324.33,C,2025-02-25
174,6519.66,C,2024-07-24
175,1301.29,A,2024-10-26
176,9320.21,A,2025-11-25
177,3790.39,C,2023-06-21
178,3854.41,C,2025-12-23
179,9584.14,B,2024-04-25
180,4810.64,A,2025-02-10
181,4381.6,B,2023-12-06
182,5160.64,C,2024-07-12
183,3024.32,C,2025-08-10
184,373.43,A,2023-07-31
185,1496.22,A,2024-09-14
186,6690.2,A,2025-07-14
187,1179.57,D,2025-04-28
188,497.44,B,2024-04-12
189,8329.54,A,2026-03-11
190,4338.19,B,2024-05-01
191,5074.89,C,2023-09-27
192,3562.73,D,2024-04-04
193,6521.33,A,2024-11-27
194,2904.89,C,2023-12-17
195,577.69,C,2026-04-15
196,6357.4,B,2023-10-07
197,2082.81,C,2023-09-13
198,9245.65,A,2026-05-31
199,7461.49,B,2025-03-13
200,534.44,C,2023-12-15
201,8123.2,A,2023-06-18
202,4532.49,B,2026-01-07
203,2228.98,C,2025-10-30
204,1439.98,C,2023-06-27
205,9004.51,B,2023-08-25
206,3460.3,D,2025-12-02
207,447.43,A,2023-06-07
208,467.67,C,2026-06-14
209,1737.77,A,2024-12-02
210,191.01,D,2023-01-31
211,3558.33,A,2025-03-24
212,6484.48,A,2025-07-06
213,286.13,C,2023-11-30
214,4468.86,C,2026-04-25
215,193.26,C,2025-08-09
216,7054.64,C,2024-06-03
217,4466.55,B,2023-05-07
218,6085.24,C,2025-09-28
219,3203.66,A,2026-01-04
220,2549.95,D,2023-06-24
221,5803.55,C,2025-01-01
222,2964.79,A,2026-02-10
223,2257.28,A,2024-04-27
224,293.64,A,2025-11-13
225,1787.19,D,2023-03-09
226,8054.43,D,2025-01-02
227,9618.28,C,2024-08-24
228,791.94,B,2025-05-03
229,9994.34,B,2023-07-27
230,7300.24,D,2023-03-30
231,6574.64,D,2026-04-09
232,3685.89,A,2023-02-01
233,9634.17,C,2025-01-01
234,4728.4,C,2026-05-18
235,6187.11,B,2024-04-21
236,2598.25,D,2024-05-26
237,3469.82,B,2024-04-04
238,1440.13,C,2025-10-19
239,1272.14,B,2023-06-14
240,2810.75,B,2024-03-31
241,3182.7,D,2023-10-11
242,6804.59,C,2024-03-19
243,6303.08,A,2024-03-20
244,2090.38,A,2025-08-25
245,6873.05,D,2024-12-19
246,9076.57,D,2026-06-15
247,8713.26,C,2026-05-11
248,1129.72,D,2025-05-30
249,311.93,A,2023-08-24
250,7472.37,D,2025-09-30
251,1445.48,C,2025-03-05
252,7663.72,C,2025-11-26
253,3998.52,A,2024-05-05
254,4263.72,C,2024-02-11
255,8957.18,B,2024-01-22
256,7184.05,B,2026-04-02
257,6226.49,B,2024-11-27
258,6392.45,B,2024-08-27
259,8281.26,A,2024-11-17
260,9147.11,B,2025-11-04
261,3248.12,A,2023-12-04
262,8846.51,C,2024-06-07
263,7490.43,C,2023-04-02
264,1879.54,D,2023-01-02
265,2435.77,D,2025-10-14
266,5220.05,C,2025-11-14
267,6830.44,B,2024-08-18
268,603.4,B,2024-06-25
269,642.73,B,2026-04-19
270,1236.23,B,2024-03-26
271,9786.69,C,2025-02-04
272,5100.1,C,2024-06-14
273,5760.25,D,2024-02-29
274,508.42,C,2024-06-06
275,3889.49,D,2024-07-30
276,5195.55,C,2023-04-23
277,2347.75,B,2025-09-16
278,4654.48,A,2025-08-03
279,2841.66,A,2025-06-30
280,3492.82,D,2024-05-11
281,5159.31,A,2023-05-24
282,9805.13,D,2024-10-07
283,3509.59,C,2024-11-22
284,7783.44,C,2024-07-30
285,1386.68,A,2023-10-18
286,1286.83,D,2026-02-11
287,504.19,A,2026-01-23
288,1943.01,C,2024-05-31
289,317.91,D,2025-03-20
290,2720.19,C,2025-08-29
291,3115.65,B,2023-03-22
292,9623.93,B,2025-11-17
293,2715.21,D,2023-06-11
294,4813.12,D,2024-12-10
295,5292.39,B,2026-04-20
296,6248.27,C,2026-06-14
297,8701.29,A,2023-05-04
298,770.51,B,2024-08-23
299,5501.5,D,2023-10-15
300,4148.24,C,2024-12-06
301,3758.75,A,2025-09-10
302,7402.72,D,2023-03-29
303,1297.05,B,2024-08-25
304,3036.37,B,2026-04-06
305,6389.96,C,2025-01-28
306,4625.03,B,2023-10-04
307,6477.48,C,2024-05-05
308,586.32,C,2024-08-05
309,6642.49,B,2023-08-23
310,9516.58,A,2025-12-14
311,2350.55,A,2023-06-21
312,4441.57,A,2023-04-04
313,4178.33,B,2025-11-10
314,3829.61,D,2025-04-26
315,9538.11,C,2023-01-08
316,4734.93,D,2026-06-04
317,4628.2,B,2025-04-23
318,1807.25,C,2024-04-07
319,906.76,A,2026-02-20
320,3918.99,B,2024-10-23
321,4992.56,C,2026-05-02
322,2870.68,A,2026-03-19
323,9193.26,A,2026-02-07
324,138.32,A,2024-05-24
325,6887.38,B,2024-04-07
326,3899.03,D,2025-07-08
327,8647.07,C,2023-04-03
328,4314.4,C,2025-03-23
329,1922.36,A,2024-11-05
330,618.01,B,2023-02-18
331,1011.62,D,2026-06-29
332,1040.86,B,2025-11-16
333,6364.8,C,2023-12-17
334,4243.48,B,2025-03-14
335,8516.55,C,2023-01-17
336,7403.01,A,2025-07-27
337,6803.2,C,2024-10-13
338,9219.04,C,2023-06-25
339,9665.26,A,2024-08-25
340,1345.24,A,2024-03-11
341,2659.33,B,2025-03-25
342,6962.58,C,2024-01-30
343,7307.67,A,2025-05-12
344,389.35,A,2024-10-02
345,5407.9,A,2024-02-29
346,9612.63,B,2025-07-01
347,7487.43,B,2025-07-20
348,132.1,D,2026-01-21
349,395.51,C,2025-08-09
350,3127.22,C,2023-10-05
351,5584.81,D,2026-03-27
352,4865.71,B,2025-07-13
353,8484.94,B,2025-07-01
354,7241.12,D,2025-08-09
355,7536.1,D,2025-01-28
356,133.86,B,2026-03-16
357,5298.7,C,2025-04-30
358,267.73,B,2024-10-25
359,2660.99,D,2023-02-08
360,4275.23,C,2025-01-15
361,8146.85,C,2025-08-28
362,3539.99,B,2025-02-24
363,7525.73,C,2026-05-06
364,2775.77,D,2023-07-19
365,8950.49,B,2024-04-08
366,6608.67,C,2026-04-22
367,9978.44,A,2025-02-12
368,579.68,D,2025-09-21
369,136.84,A,2023-10-22
370,6914.22,B,2025-09-13
371,475.22,C,2024-09-02
372,2218.53,D,2025-02-18
373,8173.38,B,2024-08-22
374,5774.19,C,2026-05-07
375,689.87,A,2024-07-03
376,4861.07,C,2024-02-28
377,7510.61,C,2024-09-21
378,7214.89,B,2026-05-08
379,6791.65,A,2025-01-25
380,3581.56,A,2024-08-11
381,9524.53,C,2023-06-30
382,5353.73,A,2023-02-01
383,7136.83,C,2025-03-05
384,5708.95,B,2025-09-04
385,5066.33,C,2024-08-17
386,5866.18,B,2023-05-29
387,6459.31,C,2023-03-26
388,8043.75,A,2023-04-26
389,9691.08,D,2024-11-26
390,7220.17,C,2025-01-21
391,1337.18,A,2023-08-24
392,6407.73,B,2024-09-07
393,8065.15,B,2025-06-12
394,7897.99,B,2025-01-22
395,8247.91,D,2023-10-13
396,9577.31,B,2024-01-09
397,8869.74,C,2025-12-07
398,7396.49,D,2026-05-05
399,7589.15,A,2023-04-20
400,7069.37,A,2023-09-29
401,2581.7,D,2024-03-31
402,5817.47,A,2025-03-25
403,869.38,A,2023-11-25
404,3942.96,B,2023-12-07
405,3587.35,D,2025-04-06
406,4759.4,C,2025-10-24
407,6064.1,D,2026-04-10
408,3830.74,A,2025-02-20
409,328.23,D,2023-04-07
410,7634.99,D,2023-09-30
411,7987.44,B,2025-06-29
412,699.61,C,2023-08-09
413,1201.77,B,2024-04-19
414,3545.77,A,2026-01-19
415,8173.79,A,2025-08-23
416,9183.75,D,2026-05-26
417,5145.31,C,2024-08-26
418,8064.61,D,2024-03-21
419,3024.14,A,2023-02-28
420,8493.29,C,2024-07-18
421,8060.99,C,2026-02-16
422,4547.85,B,2023-10-13
423,8748.61,B,2024-12-07
424,4393.57,D,2025-02-05
425,4318.95,B,2026-01-24
426,7844.14,C,2023-07-10
427,9765.29,C,2025-01-25
428,1793.48,B,2026-05-30
429,7441.09,D,2025-03-23
430,6264.12,D,2023-02-20
431,3113.52,A,2026-03-26
432,9495.0,A,2026-04-10
433,6254.7,B,2023-10-07
434,457.62,C,2024-10-17
435,5573.48,D,2024-03-16
436,7411.87,B,2026-01-29
437,6684.94,B,2023-08-02
438,8973.52,A,2024-11-10
439,870.87,C,2026-04-03
440,4955.83,C,2023-03-15
441,1614.1,C,2023-11-13
442,898.93,B,2023-01-21
443,4991.6,B,2023-03-04
444,4839.46,C,2023-04-03
445,2481.49,A,2024-07-23
446,9856.88,B,2024-09-10
447,8415.06,D,2023-11-18
448,8083.34,D,2025-07-06
449,558.6,B,2026-03-04
450,4034.32,B,2026-01-04
451,688.24,C,2026-06-17
452,743.0,B,2024-01-31
453,1851.62,B,2024-08-12
454,5907.63,C,2024-05-25
455,123.33,C,2026-03-14
456,4858.18,A,2023-08-16
457,9499.54,A,2026-06-15
458,9645.08,C,2024-05-12
459,4890.11,D,2025-11-07
460,1496.87,C,2025-10-20
461,298.29,D,2024-01-14
462,3296.99,B,2025-01-29
463,6339.57,C,2026-01-20
464,8103.22,D,2024-01-18
465,9836.34,C,2023-12-22
466,5176.18,B,2025-10-28
467,5263.91,B,2024-12-25
468,1610.76,B,2024-04-12
469,4114.36,B,2023-01-08
470,9269.89,B,2026-06-01
471,2285.06,A,2023-10-12
472,4817.21,D,2026-02-14
473,5488.98,A,2026-02-02
474,7716.9,A,2025-11-02
475,3774.21,D,2025-11-26
476,6917.81,A,2024-10-15
477,1316.95,B,2025-06-23
478,693.61,D,2025-03-08
479,5635.1,C,2024-10-03
480,3280.9,A,2025-09-01
481,5923.07,D,2025-10-01
482,8739.87,A,2024-11-30
483,3828.88,A,2024-05-09
484,9080.63,C,2025-08-08
485,1546.14,C,2024-01-02
486,9151.04,D,2025-11-18
487,7787.52,D,2025-04-04
488,9831.65,A,2025-12-09
489,7327.67,B,2026-05-08
490,505.97,A,2024-05-25
491,8465.19,B,2025-12-08
492,502.64,C,2026-05-27
493,9946.01,D,2024-02-15
494,4751.55,A,2025-06-18
495,8832.45,B,2024-06-24
496,8024.5,C,2025-01-26
497,6188.21,B,2024-06-26
498,4669.85,D,2025-01-25
499,3685.52,B,2023-05-26
500,4623.81,C,2026-06-22
501,4411.85,C,2023-07-29
502,380.49,A,2023-09-30
503,3809.55,B,2026-01-18
504,2094.15,B,2025-02-03
505,3532.1,C,2025-11-18
506,4829.1,A,2025-08-21
507,5149.35,A,2023-10-16
508,3349.24,B,2025-03-08
509,3155.75,D,2023-04-26
510,4886.92,B,2025-04-11
511,2968.84,D,2026-01-13
512,7844.0,C,2024-07-24
513,636.58,A,2026-03-16
514,9376.7,B,2025-06-16
515,6015.67,C,2023-12-27
516,8652.61,B,2025-12-10
517,8082.05,C,2024-01-24
518,5604.92,A,2025-11-17
519,6841.21,D,2026-05-25
520,9928.32,A,2026-03-14
521,1609.58,D,2025-03-29
522,1339.7,A,2025-09-18
523,5183.39,B,2023-11-08
524,8844.49,B,2026-05-27
525,3193.72,B,2026-01-13
526,1760.22,A,2024-07-08
527,7579.24,A,2026-01-06
528,5282.54,C,2024-05-27
529,4672.57,D,2023-03-07
530,1698.94,D,2025-07-15
531,1852.52,C,2023-03-19
532,6370.13,C,2023-08-18
533,4484.69,D,2026-01-27
534,812.21,A,2023-04-19
535,3630.64,C,2024-12-03
536,2887.48,C,2024-08-10
537,362.17,C,2024-12-09
538,5491.7,D,2023-02-08
539,5335.27,C,2025-10-21
540,3182.72,A,2025-02-20
541,513.61,B,2025-10-10
542,4214.82,C,2025-06-09
543,7395.42,B,2023-06-06
544,4719.95,D,2026-03-22
545,3260.5,B,2024-04-07
546,8473.44,A,2023-09-26
547,9466.98,B,2023-02-26
548,9434.56,C,2025-04-14
549,7298.52,C,2024-09-10
550,456.12,B,2025-07-18
551,6890.04,C,2024-02-02
552,5109.86,B,2025-12-11
553,7139.75,C,2026-01-25
554,1987.44,B,2023-12-02
555,3281.41,A,2025-06-09
556,4202.9,A,2024-07-15
557,3618.85,D,2025-08-07
558,4850.45,B,2025-05-09
559,3875.39,A,2024-01-30
560,4382.61,D,2025-05-08
561,304.19,B,2023-07-16
562,1211.2,C,2024-08-28
563,3293.25,B,2023-03-01
564,8381.66,C,2023-04-27
565,1211.36,A,2025-03-05
566,5902.15,D,2024-12-01
567,1756.46,C,2023-08-01
568,8323.37,D,2025-04-25
569,5979.85,D,2026-04-06
570,3726.48,D,2024-07-03
571,541.0,D,2023-07-22
572,1822.67,D,2025-07-20
573,8622.08,C,2023-05-10
574,5829.16,D,2024-07-04
575,3429.4,C,2023-07-26
576,4001.9,D,2023-06-01
577,4843.65,D,2023-12-10
578,8421.31,A,2024-04-03
579,3516.27,C,2025-04-07
580,3184.0,B,2024-10-13
581,6799.02,D,2023-04-06
582,9104.39,D,2024-12-02
583,3873.95,D,2024-04-28
584,6021.1,A,2024-11-12
585,5162.63,A,2024-08-26
586,4903.66,B,2025-04-23
587,2122.61,A,2024-04-25
588,4038.38,B,2023-10-08
589,8713.47,D,2024-05-09
590,5615.79,B,2024-08-24
591,2227.08,D,2023-03-19
592,2320.04,C,2024-07-15
593,325.75,A,2024-04-30
594,9223.79,A,2026-05-02
595,6600.86,D,2026-01-23
596,5341.07,D,2025-04-29
597,6689.55,B,2023-07-24
598,4487.74,B,2023-11-17
599,5736.46,B,2025-10-01
600,1773.73,A,2026-01-04
601,950.72,A,2025-11-17
602,5101.41,D,2024-12-23
603,245.3,C,2023-10-06
604,1991.9,D,2023-01-26
605,8555.76,D,2023-10-13
606,7442.73,A,2024-10-29
607,5101.69,B,2023-06-26
608,7499.87,A,2025-11-09
609,2021.57,D,2025-05-25
610,3870.73,A,2024-08-12
611,8339.93,D,2023-08-23
612,5191.7,D,2024-08-27
613,5338.94,D,2026-05-09
614,9425.33,A,2025-10-18
615,726.08,A,2024-01-18
616,4746.36,D,2023-07-18
617,3749.05,B,2023-08-09
618,4873.34,B,2026-02-28
619,2206.27,A,2023-07-05
620,3300.13,A,2025-08-01
621,3298.91,B,2025-01-06
622,2895.89,C,2024-07-17
623,4156.99,A,2024-09-26
624,9329.74,C,2023-09-08
625,7653.08,A,2024-06-10
626,2112.48,C,2023-05-10
627,7699.27,A,2024-02-23
628,2833.41,B,2023-08-27
629,9829.81,A,2026-03-28
630,4781.77,B,2025-07-26
631,3816.13,A,2025-05-10
632,8807.59,B,2025-10-15
633,3783.72,B,2025-10-10
634,4164.88,A,2024-09-18
635,876.63,B,2026-04-02
636,8811.59,B,2024-07-14
637,8585.51,B,2025-02-09
638,3640.98,D,2025-10-30
639,1027.01,C,2025-12-03
640,8122.96,C,2025-02-11
641,93.76,B,2025-11-05
642,9705.31,C,2023-05-24
643,4426.13,D,2025-03-29
644,9996.29,A,2025-10-23
645,796.32,D,2025-08-05
646,2524.22,D,2025-07-10
647,654.69,D,2024-02-20
648,9455.95,B,2024-05-13
649,8956.29,B,2025-01-27
650,8341.86,A,2024-10-26
651,6027.13,C,2025-02-18
652,3569.81,C,2025-11-29
653,2205.76,D,2023-05-04
654,2090.98,C,2024-07-31
655,6564.28,A,2024-09-28
656,8587.81,D,2023-05-20
657,6816.47,B,2025-12-18
658,223.11,B,2025-07-20
659,9875.21,A,2025-05-07
660,8811.95,B,2024-09-27
661,6172.12,A,2025-11-28
662,9792.61,B,2023-04-17
663,8742.48,A,2025-08-05
664,991.15,A,2026-04-09
665,8197.04,A,2025-02-01
666,8260.92,D,2024-08-04
667,9249.81,C,2024-10-18
668,2414.45,A,2025-09-02
669,9140.12,B,2025-06-21
670,3875.68,B,2025-07-01
671,8750.4,D,2025-05-20
672,9726.39,B,2023-06-21
673,6096.15,D,2025-10-07
674,4769.79,A,2024-08-04
675,8375.37,D,2024-03-15
676,8160.83,A,2025-03-22
677,3163.19,C,2025-09-20
678,9267.05,B,2023-02-14
679,3632.57,A,2024-11-02
680,3488.97,B,2024-10-06
681,2056.95,C,2024-09-12
682,6849.61,D,2023-08-18
683,4506.82,A,2024-06-17
684,8428.49,A,2023-07-07
685,9023.02,A,2024-12-03
686,3695.19,B,2023-03-04
687,918.56,B,2025-05-01
688,128.32,C,2025-10-19
689,4912.06,B,2026-03-06
690,6144.9,A,2025-11-22
691,1638.18,D,2024-02-27
692,7305.03,B,2023-03-20
693,8182.01,A,2023-06-26
694,6959.81,A,2023-05-22
695,5361.45,A,2024-09-07
696,3194.32,C,2024-01-11
697,9116.64,D,2024-02-16
698,5468.87,A,2024-05-10
699,6756.73,D,2024-12-03
700,5000.63,D,2025-06-20
701,7547.2,C,2025-10-26
702,3081.99,A,2023-04-13
703,7265.04,B,2023-09-12
704,5959.37,C,2024-01-08
705,429.92,C,2024-12-16
706,3207.41,B,2023-08-11
707,8844.72,D,2025-02-21
708,5040.81,C,2026-04-20
709,7688.76,B,2023-08-22
710,706.81,D,2024-04-30
711,4591.41,D,2026-01-29
712,9848.01,B,2023-04-25
713,2458.31,D,2025-06-08
714,1056.43,A,2023-06-29
715,2477.08,C,2024-06-09
716,9018.45,C,2025-11-13
717,8637.01,D,2025-09-30
718,8930.32,A,2024-05-10
719,617.25,B,2025-08-10
720,5884.53,A,2024-03-20
721,9784.77,B,2025-03-19
722,184.73,D,2024-04-17
723,8634.74,A,2024-09-12
724,7485.05,C,2025-03-10
725,2419.83,D,2023-11-26
726,7108.17,B,2025-12-05
727,9771.2,B,2023-03-16
728,2726.28,A,2024-04-01
729,7759.71,D,2023-09-04
730,5276.22,B,2025-02-23
731,7528.31,A,2024-06-06
732,8606.17,C,2024-07-22
733,2583.81,B,2023-12-23
734,6136.35,B,2024-12-26
735,5402.61,B,2023-06-27
736,7504.25,D,2023-07-28
737,2745.85,A,2024-02-19
738,7100.51,A,2024-02-13
739,9442.77,C,2023-07-02
740,2174.63,C,2025-05-05
741,5716.94,A,2023-12-03
742,3751.92,D,2025-02-10
743,9803.89,A,2024-03-15
744,7713.0,B,2023-11-08
745,4838.03,C,2025-09-28
746,3694.94,A,2026-04-11
747,8284.96,D,2023-01-02
748,4677.15,A,2024-05-01
749,1102.53,B,2024-03-16
750,7404.58,B,2023-01-07
751,4252.21,C,2024-09-17
752,9245.97,D,2023-08-01
753,1104.7,A,2023-04-14
754,2901.42,A,2025-09-28
755,1072.92,D,2025-01-07
756,5440.7,B,2024-09-11
757,6178.29,D,2025-10-22
758,5367.21,B,2023-08-15
759,1238.74,D,2026-02-20
760,3845.39,C,2023-05-10
761,3713.86,A,2025-05-16
762,2820.37,A,2024-07-17
763,9706.32,B,2024-01-27
764,9247.06,B,2025-09-05
765,7354.51,D,2026-03-09
766,384.05,A,2025-10-27
767,5036.32,B,2025-03-13
768,4281.44,A,2025-09-26
769,5881.25,A,2023-04-13
770,7072.17,A,2026-06-04
771,8006.22,D,2025-03-13
772,2421.56,A,2023-06-22
773,2584.22,D,2023-05-04
774,816.85,D,2025-02-13
775,2047.81,C,2025-02-07
776,8104.97,D,2024-05-16
777,2746.2,C,2024-12-22
778,5918.5,A,2024-05-11
779,7849.37,B,2024-06-22
780,1537.62,A,2025-07-27
781,8885.29,D,2026-03-06
782,2033.0,B,2026-04-30
783,3874.06,C,2025-03-12
784,7468.46,C,2024-01-24
785,8182.22,C,2026-02-14
786,3195.54,C,2023-05-08
787,5657.33,C,2023-04-26
788,7199.18,C,2024-06-23
789,3666.61,A,2023-02-08
790,6555.22,A,2023-03-29
791,5423.7,C,2023-02-25
792,2876.98,A,2025-08-03
793,2314.29,B,2023-11-02
794,7098.53,C,2025-02-16
795,5444.77,B,2025-10-08
796,3223.49,C,2023-11-23
797,2293.96,D,2026-05-17
798,3482.88,C,2024-10-20
799,1221.51,C,2025-04-10
800,5158.45,D,2026-04-09
801,5749.82,A,2023-04-27
802,4412.21,A,2024-11-14
803,5421.47,D,2024-09-24
804,6551.73,C,2024-09-13
805,4889.69,A,2023-08-31
806,1903.75,B,2026-06-25
807,7129.77,B,2025-03-20
808,7779.48,C,2025-10-17
809,3442.22,B,2025-09-04
810,7982.22,D,2023-08-29
811,5566.97,C,2024-03-22
812,4374.28,A,2026-03-31
813,9969.25,D,2024-09-16
814,9231.41,D,2025-04-07
815,2366.16,D,2025-09-11
816,9609.64,B,2023-09-12
817,7219.57,A,2023-11-29
818,964.95,A,2024-07-01
819,1544.33,D,2025-03-14
820,8954.46,D,2025-10-30
821,2831.92,A,2024-04-05
822,1563.3,C,2023-01-14
823,7907.92,B,2024-07-09
824,4550.02,B,2024-01-12
825,2534.39,B,2023-10-09
826,4036.87,B,2025-02-05
827,4883.82,B,2026-04-10
828,7986.34,D,2023-08-30
829,2602.53,D,2023-12-17
830,3715.11,A,2023-08-06
831,1111.72,C,2023-03-15
832,2527.29,B,2025-02-05
833,1632.02,C,2026-01-13
834,3822.66,D,2024-04-04
835,7425.02,A,2023-10-06
836,3569.15,D,2024-04-24
837,9014.15,D,2023-03-24
838,7299.25,D,2025-08-14
839,6025.27,D,2024-05-06
840,8511.89,C,2025-11-27
841,3894.54,A,2023-11-07
842,4651.19,C,2023-12-25
843,642.03,B,2025-05-01
844,3372.42,C,2025-09-18
845,995.5,A,2025-07-14
846,6758.52,B,2023-04-01
847,4646.7,D,2024-05-31
848,9465.41,B,2023-06-06
849,3897.67,B,2024-12-27
850,8889.22,A,2023-11-23
851,9376.52,D,2023-07-13
852,2092.58,C,2025-02-19
853,685.92,B,2025-12-26
854,53.23,C,2025-11-21
855,6680.51,A,2026-01-31
856,7103.43,A,2023-02-16
857,5200.43,B,2024-11-17
858,2118.2,B,2024-08-17
859,9394.13,A,2026-03-27
860,9370.76,C,2024-11-17
861,5318.09,C,2024-08-06
862,2836.66,B,2023-07-24
863,1079.09,A,2025-12-31
864,3940.54,B,2023-04-05
865,9767.99,A,2024-01-15
866,3784.88,B,2023-04-21
867,4610.08,C,2025-08-02
868,2917.39,D,2024-02-19
869,1370.47,C,2024-12-27
870,9015.91,C,2026-04-26
871,4972.03,D,2025-03-13
872,7222.14,B,2025-09-19
873,7749.03,A,2026-04-26
874,5428.95,C,2026-05-21
875,1185.68,D,2024-08-03
876,3807.58,D,2023-05-24
877,7164.25,A,2023-07-05
878,1070.63,C,2024-10-26
879,9703.35,A,2024-06-03
880,562.81,D,2024-06-30
881,3740.32,B,2023-02-26
882,9965.89,B,2024-04-15
883,7844.54,C,2025-08-09
884,9818.85,A,2023-09-05
885,1638.31,C,2023-07-02
886,3779.32,C,2026-01-07
887,4689.9,C,2024-12-25
888,3670.89,B,2025-11-07
889,5313.86,B,2025-09-07
890,2451.33,B,2026-05-31
891,5823.05,A,2023-06-13
892,9431.72,B,2024-11-27
893,3474.11,C,2025-11-14
894,2267.95,D,2024-10-05
895,4130.21,B,2025-02-14
896,763.21,D,2023-06-16
897,2824.64,A,2024-06-20
898,5728.96,A,2025-05-12
899,6311.3,B,2024-12-09
900,5468.95,C,2025-02-03
901,6505.15,C,2026-04-14
902,4700.86,A,2024-06-10
903,9900.12,D,2025-05-07
904,9376.21,D,2026-01-20
905,673.05,B,2026-06-13
906,1836.85,D,2023-04-18
907,1470.98,C,2025-01-25
908,8259.71,A,2023-08-25
909,2982.93,D,2023-06-24
910,1414.52,B,2023-10-11
911,8806.52,B,2024-01-29
912,8938.56,B,2023-01-22
913,3353.43,D,2026-04-05
914,2102.46,D,2023-09-13
915,3770.25,A,2023-03-01
916,4327.77,C,2024-07-23
917,4298.47,A,2023-05-02
918,7310.19,A,2025-04-08
919,2168.02,A,2023-09-09
920,9105.62,B,2023-08-05
921,1925.72,C,2023-12-01
922,1800.55,D,2026-03-01
923,3414.64,B,2026-05-29
924,7746.47,C,2024-07-07
925,8714.85,C,2025-09-04
926,8859.22,C,2025-04-04
927,7715.2,C,2024-04-05
928,7504.58,C,2023-02-25
929,9867.8,B,2024-03-07
930,7552.41,B,2023-11-03
931,2727.01,B,2025-12-18
932,689.41,A,2023-02-08
933,5821.34,D,2024-08-04
934,9514.39,A,2024-10-27
935,6442.16,C,2025-06-01
936,3227.77,A,2023-07-15
937,5116.91,B,2024-11-18
938,7868.8,C,2025-07-02
939,3757.99,D,2023-07-20
940,3751.87,B,2026-04-21
941,7884.19,A,2023-01-03
942,8172.27,B,2023-01-17
943,8035.95,B,2024-09-06
944,5062.29,A,2026-06-16
945,7084.82,A,2024-06-07
946,1670.43,D,2024-03-02
947,3434.57,C,2024-09-11
948,4494.29,B,2024-04-21
949,4469.55,B,2025-08-17
950,2337.66,D,2026-04-25
951,3138.99,A,2024-01-30
952,448.94,C,2026-02-20
953,8375.81,B,2023-06-26
954,7129.79,C,2025-01-16
955,4520.27,C,2025-12-22
956,8902.96,B,2023-03-26
957,4508.03,A,2023-06-23
958,6646.07,D,2023-06-17
959,5348.88,C,2024-10-31
960,593.6,B,2023-09-10
961,255.86,D,2023-07-14
962,924.98,C,2026-04-22
963,7354.49,A,2024-11-05
964,6953.15,D,2026-03-23
965,1480.17,B,2025-12-17
966,289.6,A,2024-04-02
967,3214.45,B,2023-03-20
968,8651.54,C,2025-09-27
969,1243.74,A,2026-03-14
970,1310.8,B,2023-02-21
971,1876.96,D,2023-03-21
972,5633.75,B,2024-05-09
973,7045.35,A,2025-12-09
974,9416.23,C,2024-10-09
975,5044.13,C,2024-09-05
976,7652.97,C,2025-07-09
977,9260.26,D,2026-03-17
978,6887.45,C,2024-06-13
979,2168.07,B,2026-06-14
980,3916.47,B,2026-04-02
981,30.61,A,2024-12-23
982,1980.61,A,2026-05-18
983,2131.91,A,2025-04-23
984,4163.75,B,2024-02-05
985,1653.83,D,2025-01-14
986,5927.81,D,2024-12-08
987,1077.43,B,2026-01-21
988,2728.86,B,2024-04-15
989,7570.38,B,2024-06-02
990,1810.56,C,2026-05-23
991,364.78,B,2023-05-14
992,3125.96,D,2025-05-02
993,7514.93,B,2025-11-28
994,5352.61,D,2024-07-22
995,7636.14,C,2026-05-24
996,1590.61,D,2025-08-28
997,4462.91,A,2025-03-27
998,5748.96,A,2024-07-26
999,9385.44,A,2025-04-20
1000,6994.12,C,2023-08-13
1001,1816.09,A,2025-05-10
1002,9905.04,A,2023-09-27
1003,8612.75,C,2023-08-23
1004,1003.47,A,2025-08-10
1005,6464.44,A,2025-12-24
1006,4034.8,D,2025-03-23
1007,419.17,D,2023-09-25
1008,2062.83,B,2026-05-30
1009,2921.93,A,2025-08-15
1010,5832.82,A,2025-07-30
1011,3286.88,C,2026-06-17
1012,330.37,C,2025-07-09
1013,9606.91,C,2024-12-15
1014,8667.29,B,2024-09-04
1015,4656.08,A,2025-10-02
1016,7546.89,D,2023-08-26
1017,9514.05,A,2026-06-13
1018,883.97,B,2025-08-09
1019,4284.65,A,2023-06-03
1020,8572.37,A,2025-11-21
1021,2797.59,A,2024-04-25
1022,7386.53,C,2025-08-07
1023,5379.91,A,2024-10-31
1024,7519.33,D,2023-09-30
1025,4166.59,C,2024-10-06
1026,3319.71,B,2023-03-30
1027,74.5,A,2026-02-22
1028,6886.47,B,2024-10-01
1029,5299.56,C,2023-08-06
1030,7642.57,C,2023-10-19
1031,6529.39,D,2023-06-06
1032,1196.18,D,2025-09-24
1033,6302.19,B,2023-11-29
1034,619.97,D,2023-03-14
1035,3177.95,B,2023-09-19
1036,23.58,D,2023-08-13
1037,109.84,A,2025-03-30
1038,410.48,B,2024-05-29
1039,6639.4,B,2026-05-22
1040,6041.7,C,2026-05-31
1041,4081.2,B,2024-02-24
1042,8845.66,B,2023-10-01
1043,6730.04,B,2026-05-05
1044,7830.93,C,2025-10-23
1045,8207.34,C,2023-04-19
1046,6998.2,A,2023-03-06
1047,7809.35,A,2025-06-15
1048,8556.3,C,2025-08-19
1049,7842.72,C,2023-09-09
1050,6400.88,D,2025-06-17
1051,5025.42,D,2023-08-09
1052,5613.99,A,2025-03-22
1053,4494.51,C,2024-12-30
1054,5101.84,C,2024-07-06
1055,5345.85,C,2025-04-13
1056,7934.92,D,2025-10-23
1057,9807.84,A,2023-01-17
1058,9128.87,B,2026-05-26
1059,6540.22,A,2024-05-28
1060,8348.77,B,2025-03-20
1061,356.25,D,2025-03-14
1062,4543.88,D,2024-04-19
1063,6805.37,A,2024-03-10
1064,5286.3,D,2023-05-17
1065,5518.99,A,2024-10-16
1066,5588.97,B,2025-03-07
1067,374.63,A,2025-02-21
1068,8487.36,C,2023-04-12
1069,4624.89,C,2023-02-04
1070,5739.7,B,2025-04-08
1071,1135.25,C,2025-05-04
1072,7110.83,A,2023-08-20
1073,1036.03,D,2023-11-11
1074,5614.43,A,2025-08-26
1075,6600.14,B,2024-04-15
1076,6336.0,D,2024-07-05
1077,9045.22,D,2024-12-28
1078,9252.56,A,2026-03-13
1079,5482.08,A,2023-02-28
1080,8656.85,B,2026-06-14
1081,8706.45,A,2025-01-26
1082,6074.63,A,2024-12-17
1083,6127.14,D,2025-07-09
1084,6341.33,B,2026-06-04
1085,7476.49,C,2025-01-17
1086,7653.49,A,2025-01-05
1087,9244.54,C,2024-08-03
1088,7817.69,C,2023-10-31
1089,2208.42,B,2024-02-27
1090,4206.08,B,2025-03-29
1091,4740.48,D,2025-04-06
1092,395.93,B,2023-12-13
1093,2192.63,D,2025-05-27
1094,3851.03,B,2023-03-20
1095,4615.41,B,2024-12-08
1096,8275.79,B,2024-04-30
1097,6283.07,A,2026-05-27
1098,131.97,B,2023-08-08
1099,1487.51,D,2025-07-17
1100,5994.6,A,2026-04-16
1101,6844.31,D,2025-08-20
1102,5900.36,D,2026-06-30
1103,3016.31,C,2023-07-04
1104,2608.1,A,2024-01-31
1105,2821.31,D,2025-03-02
1106,5087.9,C,2023-08-12
1107,6318.55,C,2024-07-19
1108,7814.38,C,2026-02-08
1109,4468.84,B,2024-06-07
1110,2647.83,B,2024-10-12
1111,1332.0,C,2025-10-07
1112,6191.86,C,2025-01-31
1113,972.67,B,2023-09-15
1114,3844.05,A,2023-07-18
1115,4343.9,D,2026-06-08
1116,6874.91,B,2023-08-20
1117,8679.24,C,2024-02-19
1118,5209.94,D,2025-04-20
1119,6143.2,A,2026-02-11
1120,7313.25,C,2026-03-06
1121,3892.35,A,2025-04-09
1122,8670.98,D,2026-01-05
1123,8797.68,D,2024-03-13
1124,6802.11,D,2023-12-18
1125,7574.76,C,2023-09-09
1126,7471.79,C,2024-01-10
1127,1833.32,A,2026-05-13
1128,1665.09,D,2024-06-28
1129,7819.08,C,2024-03-20
1130,6202.41,A,2025-12-17
1131,4891.79,D,2026-03-26
1132,8436.61,C,2024-12-08
1133,8001.0,A,2025-01-24
1134,5919.03,C,2026-01-10
1135,5191.0,A,2023-04-08
1136,2379.52,C,2025-10-25
1137,4725.32,C,2024-05-08
1138,3843.22,D,2025-02-11
1139,2195.38,A,2024-08-09
1140,6360.72,C,2023-12-12
1141,1214.17,A,2026-05-24
1142,236.47,D,2023-10-16
1143,313.26,C,2024-06-28
1144,7732.75,A,2025-06-14
1145,1442.66,B,2025-08-30
1146,2500.04,D,2025-12-05
1147,1619.9,A,2023-09-03
1148,4457.48,A,2023-05-10
1149,1662.47,A,2025-12-22
1150,3705.38,C,2023-10-29
1151,5839.54,C,2026-03-23
1152,3448.94,C,2024-11-16
1153,6117.39,A,2025-02-06
1154,768.18,A,2026-03-02
1155,3033.48,C,2025-02-24
1156,1705.85,C,2024-03-25
1157,5564.78,A,2025-06-29
1158,8719.39,B,2023-06-29
1159,8263.55,C,2023-05-08
1160,4223.18,A,2025-02-03
1161,9017.0,D,2024-12-19
1162,1974.82,A,2026-01-22
1163,7613.46,B,2024-11-22
1164,1224.17,B,2025-05-03
1165,3269.69,A,2024-01-31
1166,8118.23,B,2024-05-12
1167,9059.71,A,2025-01-26
1168,3609.93,A,2024-01-15
1169,1557.52,C,2024-11-25
1170,7874.57,D,2025-03-19
1171,3902.27,A,2025-06-15
1172,7024.51,D,2024-06-12
1173,3246.53,C,2023-12-18
1174,9151.92,C,2025-08-09
1175,8229.09,C,2023-01-02
1176,8516.3,B,2024-06-22
1177,2772.09,B,2024-04-08
1178,3135.16,A,2025-09-21
1179,672.29,C,2026-03-19
1180,4614.84,A,2025-12-10
1181,378.94,B,2025-12-02
1182,265.61,A,2023-09-28
1183,9491.35,A,2024-05-30
1184,5112.32,A,2024-05-19
1185,6135.27,A,2026-01-24
1186,6086.73,D,2024-04-25
1187,6289.32,B,2023-06-14
1188,2890.51,C,2025-01-01
1189,7139.5,D,2025-01-11
1190,7903.56,D,2024-01-20
1191,9732.82,D,2025-07-13
1192,4778.36,A,2025-04-21
1193,3273.11,B,2026-04-12
1194,9530.4,B,2025-11-29
1195,390.82,B,2023-02-04
1196,8918.07,C,2025-11-23
1197,7134.1,C,2024-09-25
1198,2595.39,A,2025-12-31
1199,1089.99,B,2025-01-02
1200,853.05,B,2023-05-08
1201,2835.89,A,2026-06-15
1202,9339.77,D,2025-01-22
1203,771.75,A,2025-01-31
1204,2656.25,C,2025-11-19
1205,4013.04,B,2023-06-04
1206,2076.94,C,2025-06-08
1207,4123.14,B,2025-02-01
1208,8259.17,C,2025-12-13
1209,1122.27,D,2023-04-21
1210,323.75,D,2025-02-01
1211,2672.27,A,2025-02-12
1212,2778.57,B,2023-02-12
1213,4282.63,C,2023-07-10
1214,396.46,C,2026-04-01
1215,3585.86,D,2026-05-29
1216,4672.89,D,2024-08-10
1217,8370.73,D,2023-10-15
1218,4327.59,D,2025-12-02
1219,8205.05,B,2023-06-13
1220,2242.73,A,2025-08-14
1221,1237.45,C,2024-05-24
1222,2119.96,A,2023-10-04
1223,9855.48,A,2025-05-17
1224,4003.16,D,2025-08-01
1225,4073.41,C,2023-02-26
1226,7349.25,B,2025-10-11
1227,5171.43,C,2024-03-16
1228,4967.75,A,2026-04-13
1229,4036.48,C,2024-08-28
1230,2098.92,C,2025-02-10
1231,6766.77,D,2024-09-04
1232,4727.83,A,2026-01-15
1233,6079.55,B,2023-03-10
1234,7934.34,B,2025-10-10
1235,1974.72,D,2023-12-22
1236,4089.83,B,2024-06-10
1237,5519.37,A,2023-09-21
1238,9370.07,D,2024-06-23
1239,1344.19,B,2026-04-07
1240,9317.54,C,2025-12-20
1241,6906.68,D,2026-01-07
1242,8205.62,D,2023-04-06
1243,269.65,B,2023-08-01
1244,2511.95,C,2024-10-12
1245,3472.07,B,2024-03-30
1246,1943.22,A,2025-07-26
1247,6805.18,D,2023-11-14
1248,9142.2,A,2025-11-10
1249,5669.35,D,2026-01-01
1250,6158.12,B,2024-11-03
1251,7598.84,B,2025-10-03
1252,1017.76,A,2024-02-27
1253,2394.17,D,2023-12-04
1254,6655.45,C,2025-06-23
1255,2616.59,A,2024-08-04
1256,5290.74,A,2025-09-18
1257,8509.49,D,2025-03-22
1258,9470.7,D,2026-05-09
1259,2034.78,D,2024-06-14
1260,70.71,D,2023-02-24
1261,3455.71,D,2023-02-01
1262,2773.72,B,2026-02-11
1263,759.47,D,2023-06-15
1264,7378.46,C,2023-12-16
1265,8739.48,A,2026-04-11
1266,4508.13,D,2025-05-10
1267,6581.54,A,2024-07-23
1268,5234.1,C,2026-04-17
1269,2117.03,C,2026-04-05
1270,3131.7,A,2025-06-13
1271,5974.87,B,2025-07-11
1272,1260.16,D,2026-06-23
1273,814.02,A,2024-06-26
1274,7227.98,B,2023-06-15
1275,3423.43,B,2025-02-26
1276,7090.25,C,2023-04-04
1277,1358.87,C,2024-01-25
1278,7205.83,D,2025-08-13
1279,1687.78,C,2025-04-06
1280,7720.41,A,2025-05-21
1281,8043.18,B,2024-12-14
1282,3775.25,B,2025-04-02
1283,3409.22,B,2023-04-29
1284,8109.41,B,2023-02-16
1285,5420.88,B,2025-06-13
1286,6736.16,D,2023-12-15
1287,2587.81,D,2023-10-09
1288,3249.02,C,2023-10-11
1289,9351.63,A,2025-02-23
1290,1685.88,A,2023-11-10
1291,7590.39,C,2024-04-06
1292,245.04,A,2023-10-23
1293,3838.09,A,2025-09-08
1294,7855.34,C,2023-04-25
1295,5937.0,B,2025-04-20
1296,5141.11,C,2025-09-19
1297,29.75,A,2024-06-05
1298,9735.32,D,2025-02-10
1299,9761.87,C,2024-12-20
1300,6698.45,A,2026-03-04
1301,1273.58,C,2025-07-07
1302,4462.18,C,2023-04-08
1303,5208.31,C,2023-08-29
1304,4709.36,A,2026-04-25
1305,7479.25,A,2026-01-06
1306,4253.92,B,2025-03-24
1307,7576.81,A,2024-10-06
1308,1826.79,A,2025-03-03
1309,7700.6,C,2024-04-10
1310,9548.11,C,2025-11-10
1311,4246.99,D,2023-03-25
1312,529.07,A,2024-05-07
1313,7147.71,A,2023-07-28
1314,4309.69,D,2023-11-14
1315,3164.52,B,2024-02-25
1316,1904.65,B,2025-05-05
1317,8733.32,B,2023-04-08
1318,7663.89,D,2025-03-17
1319,9596.89,A,2025-02-23
1320,9547.88,B,2026-03-22
1321,6141.57,A,2024-07-01
1322,1702.79,B,2023-06-28
1323,2050.83,B,2025-07-08
1324,5770.4,A,2023-07-18
1325,8160.68,A,2025-08-14
1326,5922.34,C,2024-07-05
1327,2998.05,A,2024-11-04
1328,4377.72,D,2025-06-12
1329,1601.16,B,2024-11-19
1330,4330.53,B,2025-11-23
1331,8034.01,D,2024-02-21
1332,596.73,A,2023-05-21
1333,1985.54,C,2026-01-12
1334,8595.17,A,2025-07-17
1335,635.98,D,2025-10-20
1336,7539.46,D,2025-12-23
1337,4371.29,C,2023-05-26
1338,4797.19,B,2025-06-04
1339,4881.06,C,2024-06-18
1340,1606.71,B,2025-06-20
1341,9022.65,B,2023-11-08
1342,3362.35,A,2025-05-26
1343,6766.78,C,2023-10-29
1344,2528.3,C,2024-05-27
1345,1119.64,C,2023-10-08
1346,9219.61,A,2024-10-31
1347,7910.14,C,2024-06-24
1348,3761.97,A,2024-03-11
1349,2072.36,A,2023-04-18
1350,717.29,D,2026-03-21
1351,1819.44,D,2025-12-08
1352,7148.24,C,2023-07-29
1353,785.73,B,2024-12-29
1354,3510.31,A,2023-07-09
1355,1254.71,B,2024-06-15
1356,5730.85,C,2024-12-22
1357,8219.17,D,2024-06-17
1358,4616.06,B,2023-08-05
1359,5812.31,C,2025-02-12
1360,1281.66,C,2023-09-05
1361,308.22,D,2025-12-05
1362,6998.86,C,2023-11-19
1363,606.21,A,2024-12-26
1364,2212.78,B,2026-06-27
1365,5468.56,B,2026-02-05
1366,2611.52,B,2024-01-31
1367,4494.57,A,2025-10-27
1368,5090.2,A,2023-05-17
1369,5770.71,B,2023-10-16
1370,3101.19,D,2024-07-19
1371,7244.28,D,2025-09-24
1372,5169.11,A,2025-07-17
1373,9083.55,D,2025-06-20
1374,3396.89,D,2025-12-27
1375,2761.95,B,2026-06-29
1376,8665.31,B,2026-03-16
1377,5063.64,D,2025-03-26
1378,5002.3,C,2025-10-31
1379,2371.82,D,2026-02-11
1380,4146.65,C,2024-01-15
1381,8912.25,B,2025-10-19
1382,6101.4,B,2024-05-24
1383,4790.19,A,2025-04-18
1384,1391.74,D,2025-05-18
1385,9501.64,A,2024-05-08
1386,5184.07,D,2025-09-09
1387,7745.37,C,2023-08-03
1388,9363.05,A,2025-12-30
1389,7195.16,C,2025-07-18
1390,3670.06,C,2024-04-20
1391,6949.89,C,2024-07-28
1392,8452.04,C,2026-04-24
1393,1347.52,C,2025-02-13
1394,4763.15,A,2025-03-08
1395,8172.1,C,2024-01-07
1396,5263.51,C,2025-08-20
1397,8348.77,C,2023-03-16
1398,3285.75,D,2024-01-01
1399,5974.74,D,2026-04-30
1400,3615.11,C,2023-04-30
1401,3689.11,C,2026-02-06
1402,2572.32,A,2023-08-19
1403,6913.54,D,2024-04-13
1404,1550.44,B,2023-12-05
1405,9861.87,B,2025-02-16
1406,2326.05,B,2025-05-30
1407,2210.81,A,2025-03-08
1408,928.6,B,2025-08-08
1409,471.44,B,2025-06-12
1410,6781.09,B,2026-06-24
1411,8933.78,A,2023-10-17
1412,7441.54,C,2024-11-23
1413,504.12,C,2026-06-11
1414,1086.55,A,2023-12-26
1415,7180.35,C,2023-12-10
1416,5118.81,A,2025-09-05
1417,4905.45,A,2024-06-18
1418,7545.32,B,2025-12-13
1419,7246.28,B,2023-11-27
1420,6214.78,D,2023-09-28
1421,707.36,A,2023-02-17
1422,8221.85,A,2026-01-17
1423,6908.3,A,2023-01-29
1424,4685.41,C,2026-01-01
1425,6930.21,B,2023-08-15
1426,32.52,C,2026-03-20
1427,9832.27,B,2023-09-07
1428,7895.79,B,2025-03-11
1429,352.48,D,2024-12-05
1430,1539.11,B,2025-02-12
1431,8963.82,B,2024-11-11
1432,1181.67,B,2024-11-28
1433,4389.08,D,2026-02-06
1434,5990.11,B,2023-08-20
1435,3145.61,C,2025-05-09
1436,3333.66,B,2023-12-20
1437,220.02,D,2023-07-12
1438,3381.89,A,2024-02-05
1439,4271.55,B,2024-07-20
1440,9670.45,A,2024-04-15
1441,5689.96,D,2026-06-15
1442,2103.5,A,2025-04-21
1443,1733.87,B,2025-02-28
1444,9373.08,A,2025-12-03
1445,9076.17,C,2024-07-02
1446,8863.94,C,2024-09-16
1447,3266.92,B,2025-08-23
1448,7127.39,A,2025-08-23
1449,6877.98,B,2025-07-25
1450,2141.4,D,2025-01-30
1451,2293.02,D,2024-01-29
1452,5870.72,C,2023-09-21
1453,1424.75,D,2024-03-25
1454,9783.58,B,2025-10-28
1455,4210.8,D,2026-05-24
1456,1667.59,A,2023-02-04
1457,6286.33,B,2023-10-15
1458,709.56,A,2024-05-15
1459,1699.23,A,2024-04-05
1460,2163.26,C,2025-01-14
1461,4471.23,B,2026-03-03
1462,121.88,D,2023-10-18
1463,1466.76,D,2025-10-10
1464,8208.61,A,2023-11-18
1465,9246.22,B,2024-09-03
1466,9859.22,A,2023-04-11
1467,6021.3,C,2026-03-15
1468,8576.04,A,2026-05-10
1469,1568.72,B,2025-12-20
1470,179.76,A,2024-09-09
1471,3367.6,D,2025-07-13
1472,1133.68,C,2024-02-20
1473,9268.39,A,2025-10-22
1474,7541.87,A,2025-11-16
1475,6613.2,A,2026-02-07
1476,904.25,C,2023-05-01
1477,9963.38,D,2024-12-14
1478,487.61,C,2025-08-04
1479,9185.3,C,2023-06-06
1480,3043.74,A,2023-10-20
1481,874.1,A,2025-08-15
1482,7797.48,A,2025-02-25
1483,2315.25,D,2026-01-14
1484,3868.66,C,2025-07-08
1485,7749.57,C,2023-01-05
1486,5907.83,C,2025-05-14
1487,8678.64,D,2023-01-31
1488,6298.56,D,2025-06-26
1489,8146.29,B,2024-11-06
1490,9701.13,D,2024-03-14
1491,5727.87,A,2026-06-26
1492,2829.52,C,2023-06-15
1493,9640.56,C,2026-02-23
1494,9221.4,B,2026-04-01
1495,8940.47,A,2024-07-18
1496,4928.64,A,2024-11-29
1497,207.25,A,2023-07-07
1498,3317.64,D,2025-11-25
1499,9322.67,D,2026-02-22
1500,8446.46,A,2023-07-13
1501,5677.73,D,2026-06-02
1502,5394.23,D,2024-06-29
1503,1945.33,A,2025-02-04
1504,5386.23,D,2023-06-15
1505,6327.2,D,2023-08-30
1506,7650.09,D,2024-03-25
1507,1372.73,A,2024-02-15
1508,4291.67,B,2025-12-23
1509,9963.58,D,2025-01-15
1510,8829.7,B,2025-02-12
1511,4464.52,A,2025-12-10
1512,105.65,D,2024-08-04
1513,3681.98,A,2025-08-03
1514,8459.7,D,2023-04-01
1515,3468.73,A,2025-04-06
1516,8945.42,C,2026-04-03
1517,8334.58,B,2026-03-22
1518,6960.3,B,2023-07-24
1519,632.86,D,2023-12-18
1520,5744.7,D,2024-04-03
1521,7787.88,C,2024-12-13
1522,8247.14,D,2026-03-02
1523,8887.45,B,2023-05-04
1524,3001.56,A,2026-05-13
1525,7130.06,D,2025-04-26
1526,7349.8,B,2025-08-28
1527,6613.38,A,2023-02-07
1528,6789.22,A,2023-08-26
1529,5325.67,A,2024-10-31
1530,8651.45,D,2024-12-11
1531,2087.26,A,2024-05-13
1532,8566.26,A,2025-01-16
1533,9904.51,B,2025-09-19
1534,8483.47,C,2025-02-08
1535,1866.24,D,2025-10-21
1536,2769.38,C,2023-02-23
1537,4406.06,B,2026-01-20
1538,3955.67,A,2023-02-22
1539,3284.83,B,2024-07-13
1540,3714.17,C,2024-07-03
1541,8014.8,D,2025-07-31
1542,7384.51,C,2026-04-21
1543,5891.91,A,2026-02-27
1544,2395.19,B,2025-10-19
1545,6815.19,B,2025-07-14
1546,4254.4,B,2023-06-15
1547,8406.55,A,2023-05-18
1548,7199.88,B,2025-12-21
1549,1841.52,A,2025-04-10
1550,6216.83,A,2024-12-24
1551,142.26,A,2023-05-11
1552,1916.86,C,2024-08-11
1553,7831.79,D,2023-08-13
1554,2040.79,D,2025-07-14
1555,4476.83,B,2024-06-14
1556,72.02,D,2023-01-30
1557,9365.08,A,2024-07-27
1558,5312.06,C,2023-07-19
1559,4338.45,C,2025-05-24
1560,3316.91,D,2026-01-14
1561,7056.19,D,2025-10-25
1562,952.81,B,2025-11-26
1563,1389.97,C,2025-10-10
1564,2653.12,A,2023-11-25
1565,8872.05,A,2026-06-25
1566,3091.5,C,2026-02-20
1567,967.41,B,2024-03-03
1568,9779.27,C,2024-02-21
1569,1834.22,C,2025-05-03
1570,1005.27,C,2025-04-10
1571,134.45,C,2025-01-26
1572,4936.92,D,2024-03-21
1573,4482.98,C,2025-11-28
1574,7393.52,C,2023-01-15
1575,3352.37,D,2024-12-30
1576,5193.17,B,2025-10-11
1577,4671.02,C,2025-03-17
1578,4912.96,C,2026-04-09
1579,1193.28,B,2023-06-19
1580,7749.23,B,2026-06-06
1581,4457.33,B,2026-05-03
1582,843.86,C,2025-12-09
1583,7372.47,B,2024-07-02
1584,6336.38,B,2026-06-26
1585,3810.61,A,2025-01-23
1586,7043.43,B,2023-01-01
1587,4600.77,C,2025-05-02
1588,5901.16,D,2024-03-17
1589,1345.56,C,2025-10-18
1590,1079.57,C,2024-05-02
1591,1548.56,B,2023-11-11
1592,1994.68,A,2025-05-12
1593,1950.69,C,2025-04-10
1594,2120.45,D,2025-01-23
1595,1001.55,B,2026-06-30
1596,6030.64,C,2024-12-23
1597,6073.92,D,2025-07-04
1598,4806.77,D,2023-01-17
1599,8413.41,B,2025-06-24
1600,8131.47,B,2023-12-25
1601,4742.21,A,2023-04-28
1602,4126.94,C,2025-12-18
1603,8217.33,A,2024-05-18
1604,6104.87,B,2024-08-10
1605,7460.26,A,2023-11-18
1606,2645.3,B,2026-06-04
1607,535.07,D,2024-08-19
1608,2289.41,D,2023-08-11
1609,2359.86,D,2023-10-08
1610,9484.56,C,2026-06-19
1611,4262.12,C,2023-01-14
1612,4449.62,B,2024-01-24
1613,7682.45,A,2025-03-10
1614,6210.36,A,2026-06-04
1615,3530.79,D,2025-01-19
1616,7617.12,C,2023-03-25
1617,6559.78,B,2025-03-17
1618,7474.87,C,2026-04-06
1619,1650.23,D,2023-07-09
1620,9617.67,B,2024-03-17
1621,7766.38,A,2023-10-21
1622,6087.97,C,2026-03-02
1623,2943.1,D,2026-01-03
1624,6342.09,C,2025-01-07
1625,4072.21,A,2025-03-18
1626,4606.52,D,2025-04-20
1627,5435.81,A,2024-12-15
1628,2824.16,B,2025-02-10
1629,87.98,D,2026-05-22
1630,4282.57,C,2025-06-07
1631,4533.23,D,2024-06-09
1632,2142.01,B,2024-11-10
1633,4339.97,C,2023-01-02
1634,8555.92,A,2024-03-04
1635,1908.76,C,2026-04-02
1636,8860.17,A,2025-03-21
1637,1999.31,C,2025-03-20
1638,9744.58,C,2025-02-08
1639,1919.29,B,2023-03-20
1640,7737.46,A,2023-10-04
1641,5418.98,A,2024-08-12
1642,1262.03,C,2025-11-06
1643,7502.87,C,2024-06-05
1644,2418.31,B,2023-07-30
1645,2780.46,C,2023-10-04
1646,7467.37,A,2026-05-26
1647,947.85,A,2025-01-21
1648,2065.76,D,2025-11-08
1649,2657.31,B,2024-01-23
1650,8941.51,A,2023-03-13
1651,3407.05,D,2025-04-19
1652,2348.35,C,2025-04-25
1653,924.61,A,2023-04-14
1654,81.5,A,2026-05-30
1655,3425.67,A,2024-06-17
1656,5109.28,D,2024-11-12
1657,3236.47,B,2024-07-29
1658,3784.15,D,2024-03-29
1659,3108.72,B,2024-05-28
1660,9646.67,A,2023-10-20
1661,1190.99,A,2023-11-18
1662,2423.3,D,2023-10-21
1663,8132.45,B,2023-07-23
1664,9142.66,D,2025-10-03
1665,353.77,B,2026-03-28
1666,5919.33,B,2025-12-27
1667,2873.48,B,2025-10-21
1668,1776.59,D,2025-10-13
1669,7362.44,B,2024-01-10
1670,9365.86,B,2023-03-14
1671,4109.52,C,2024-03-14
1672,2177.12,C,2023-07-28
1673,7814.3,B,2024-03-22
1674,4937.76,D,2025-11-10
1675,4648.93,B,2024-08-28
1676,3364.53,D,2023-01-20
1677,4942.85,D,2026-04-26
1678,3964.24,B,2025-03-18
1679,3207.88,C,2025-10-20
1680,8118.55,B,2026-02-12
1681,2780.24,B,2024-08-13
1682,7466.07,C,2023-03-04
1683,5704.39,B,2023-12-24
1684,7519.55,B,2023-12-14
1685,3522.56,C,2025-06-13
1686,907.56,B,2024-12-01
1687,5572.94,A,2023-07-14
1688,2287.93,D,2025-01-12
1689,605.47,C,2026-04-23
1690,4947.08,D,2025-11-10
1691,5154.8,B,2025-03-31
1692,6940.15,B,2024-11-09
1693,9356.16,B,2023-12-16
1694,8818.46,C,2025-04-19
1695,317.55,C,2026-03-25
1696,891.0,D,2026-06-29
1697,3972.96,A,2024-09-03
1698,6925.42,A,2023-09-13
1699,8124.39,A,2024-10-04
1700,2519.17,B,2026-02-16
1701,2347.99,D,2024-01-01
1702,9034.85,C,2025-02-27
1703,698.67,B,2025-04-18
1704,3995.22,B,2023-07-27
1705,2063.67,D,2025-09-10
1706,3222.0,B,2023-09-01
1707,8615.16,A,2023-05-20
1708,3296.97,C,2026-05-08
1709,111.78,C,2024-08-29
1710,7077.18,D,2023-05-01
1711,8874.32,B,2026-01-13
1712,9584.94,C,2024-06-04
1713,4008.02,D,2025-09-25
1714,9482.96,C,2023-03-03
1715,9235.95,A,2025-08-12
1716,3069.25,C,2024-01-27
1717,6338.8,A,2024-10-26
1718,653.79,A,2026-02-11
1719,4023.61,B,2025-02-08
1720,8578.57,B,2023-10-12
1721,1174.26,C,2026-02-27
1722,4301.42,C,2026-04-15
1723,8440.09,B,2023-09-02
1724,5251.12,D,2023-09-29
1725,2182.67,A,2023-06-07
1726,9330.96,C,2024-03-05
1727,7885.42,D,2024-05-13
1728,5112.23,B,2023-11-30
1729,9996.77,D,2025-08-25
1730,2502.04,B,2025-01-16
1731,9523.62,D,2024-01-16
1732,3403.35,A,2024-01-28
1733,727.49,C,2024-04-29
1734,4918.8,B,2024-08-28
1735,9099.33,D,2023-11-22
1736,9448.69,B,2024-01-08
1737,3108.22,D,2025-05-16
1738,5537.23,D,2026-04-01
1739,9594.31,D,2024-11-14
1740,839.92,A,2026-01-02
1741,838.88,D,2025-02-23
1742,6300.39,B,2023-11-01
1743,5714.16,B,2024-03-28
1744,6027.85,A,2025-07-11
1745,1098.71,C,2025-11-24
1746,5522.36,A,2025-12-18
1747,6193.44,C,2023-12-18
1748,4018.46,C,2024-11-17
1749,6597.57,B,2026-01-16
1750,4347.9,D,2023-01-29
1751,1724.84,B,2025-05-23
1752,4986.88,B,2024-07-24
1753,7692.51,C,2024-10-14
1754,6394.11,A,2023-07-15
1755,1248.81,C,2026-05-29
1756,1546.98,C,2025-12-17
1757,5879.76,B,2023-10-02
1758,362.8,C,2024-06-02
1759,7063.96,A,2025-11-20
1760,3068.37,B,2024-03-15
1761,6139.48,B,2026-01-20
1762,8648.4,B,2024-02-19
1763,1358.29,D,2024-05-10
1764,11.17,B,2024-01-24
1765,730.67,D,2023-09-15
1766,1518.18,B,2026-05-09
1767,9108.7,A,2025-07-07
1768,8065.63,D,2024-12-16
1769,8373.28,C,2025-04-28
1770,9080.44,D,2024-03-14
1771,8119.62,D,2024-09-06
1772,5668.59,A,2023-11-08
1773,5661.43,D,2023-10-12
1774,6088.09,C,2026-05-26
1775,3743.16,D,2026-03-14
1776,3761.49,B,2023-11-26
1777,5263.22,A,2026-03-12
1778,8456.35,C,2024-01-05
1779,3012.39,C,2025-02-15
1780,2282.74,D,2025-03-13
1781,4921.56,A,2025-04-02
1782,5915.95,A,2024-06-19
1783,540.0,D,2025-07-19
1784,7364.06,C,2026-05-26
1785,3984.02,A,2025-07-21
1786,3103.03,D,2026-03-26
1787,5308.63,C,2026-03-30
1788,4442.26,D,2026-04-09
1789,4690.65,A,2024-12-30
1790,4886.81,B,2024-07-07
1791,9554.09,A,2023-02-16
1792,7654.06,D,2025-11-04
1793,934.23,C,2026-05-05
1794,3739.94,A,2026-01-03
1795,3079.61,C,2025-09-28
1796,7980.83,A,2023-08-23
1797,995.1,C,2023-07-03
1798,6621.34,C,2024-11-28
1799,2085.99,A,2024-12-22
1800,5303.88,C,2024-08-02
1801,1987.49,B,2025-07-25
1802,6831.91,A,2024-03-30
1803,9095.85,A,2025-07-04
1804,2440.32,A,2024-11-19
1805,630.71,A,2025-04-09
1806,1790.69,B,2026-05-29
1807,209.76,A,2025-09-23
1808,1717.34,C,2023-02-10
1809,8439.89,D,2025-07-09
1810,781.84,D,2026-05-14
1811,1382.98,A,2024-03-28
1812,164.47,C,2023-02-16
1813,463.43,B,2025-05-08
1814,9946.25,D,2023-12-10
1815,1390.42,C,2024-09-15
1816,5512.22,A,2026-01-27
1817,114.23,C,2025-08-19
1818,3530.72,D,2025-01-02
1819,5617.79,D,2024-11-06
1820,1809.16,A,2023-03-21
1821,9602.9,A,2025-08-11
1822,7371.53,C,2024-03-12
1823,1112.76,A,2025-10-09
1824,9303.87,D,2023-07-06
1825,5702.36,B,2024-03-04
1826,7479.28,D,2026-01-02
1827,3520.64,B,2025-10-24
1828,2756.22,D,2024-05-10
1829,6228.08,D,2024-10-27
1830,7605.27,C,2023-05-08
1831,317.42,D,2024-12-25
1832,2700.62,B,2025-07-03
1833,8109.03,B,2024-06-12
1834,8414.39,A,2025-04-11
1835,9055.69,A,2025-09-26
1836,1999.22,B,2023-11-24
1837,7855.16,D,2024-01-03
1838,1495.07,A,2026-01-27
1839,9257.93,A,2023-08-07
1840,8937.6,A,2023-07-10
1841,1754.41,B,2026-02-07
1842,4936.12,D,2024-10-30
1843,4846.21,D,2023-12-23
1844,8653.62,C,2025-02-02
1845,8685.82,A,2023-01-26
1846,3535.44,A,2023-10-28
1847,7407.02,A,2025-06-26
1848,2454.98,B,2025-08-11
1849,6110.72,D,2023-05-18
1850,764.94,B,2025-07-21
1851,185.2,C,2025-04-07
1852,1363.89,B,2025-01-19
1853,5410.02,D,2024-07-04
1854,1847.07,B,2023-10-20
1855,8492.51,A,2023-07-04
1856,9455.47,C,2023-06-29
1857,2935.33,A,2024-07-04
1858,3329.98,A,2025-09-17
1859,3561.09,A,2026-05-16
1860,1883.21,B,2024-10-06
1861,6878.94,B,2025-09-14
1862,6553.56,A,2023-05-13
1863,8524.67,D,2023-07-14
1864,5078.3,A,2023-05-17
1865,4237.6,A,2025-12-12
1866,51.2,A,2026-03-10
1867,9428.73,C,2024-02-27
1868,7502.18,C,2025-04-08
1869,1759.4,D,2026-02-18
1870,8896.43,C,2023-11-24
1871,7695.29,A,2023-03-09
1872,8381.36,B,2024-04-27
1873,1479.52,C,2023-12-04
1874,1339.17,A,2026-04-04
1875,5191.29,A,2023-10-08
1876,5402.42,A,2025-11-02
1877,7479.28,B,2023-04-19
1878,4914.86,D,2023-07-01
1879,3999.52,D,2024-02-02
1880,6529.73,C,2025-10-06
1881,4246.88,A,2026-05-29
1882,8940.35,C,2025-10-27
1883,8264.3,D,2025-05-23
1884,5041.35,B,2025-07-06
1885,3669.57,D,2024-05-30
1886,5316.24,C,2024-11-24
1887,6783.3,A,2024-10-27
1888,8084.55,C,2023-09-24
1889,1958.69,B,2023-10-29
1890,2269.61,D,2023-06-16
1891,1490.95,B,2024-03-06
1892,6487.92,D,2024-02-24
1893,4017.71,C,2025-05-04
1894,4737.5,D,2024-04-27
1895,7462.1,A,2025-07-31
1896,9568.75,A,2023-12-21
1897,4300.28,D,2023-12-09
1898,8776.51,C,2025-04-13
1899,6869.65,D,2025-05-31
1900,9699.63,B,2023-11-15
1901,525.29,D,2023-04-06
1902,5667.18,D,2024-11-21
1903,685.72,C,2024-05-24
1904,3846.96,A,2026-05-02
1905,3776.93,D,2026-05-06
1906,7646.09,C,2024-09-11
1907,9447.05,D,2023-07-26
1908,5914.41,D,2025-10-02
1909,4623.16,C,2024-08-21
1910,6072.0,B,2024-01-04
1911,2095.42,D,2025-11-01
1912,8096.38,C,2026-04-22
1913,2463.88,C,2024-01-22
1914,5608.32,B,2023-07-27
1915,1226.89,C,2024-03-15
1916,1996.66,C,2025-04-02
1917,9960.75,A,2025-01-10
1918,484.76,B,2023-04-23
1919,8286.05,B,2024-04-11
1920,8487.34,A,2024-05-04
1921,6560.73,B,2023-02-28
1922,7913.5,A,2025-10-18
1923,3680.6,B,2023-03-01
1924,4876.81,B,2023-08-22
1925,6086.63,B,2025-11-27
1926,8733.7,D,2025-08-04
1927,1668.88,D,2023-09-13
1928,580.46,B,2026-05-24
1929,9288.78,B,2025-07-07
1930,4426.51,A,2023-08-22
1931,7554.62,A,2025-05-09
1932,1478.23,D,2024-09-04
1933,6085.51,C,2025-02-11
1934,9074.93,B,2026-05-14
1935,4790.62,B,2026-03-10
1936,8957.62,B,2023-12-27
1937,2832.44,C,2024-01-29
1938,2078.96,D,2025-03-18
1939,9160.61,C,2025-04-04
1940,8731.39,D,2023-12-14
1941,1289.4,B,2025-08-29
1942,4928.25,A,2025-07-25
1943,1646.72,A,2025-03-01
1944,6615.78,B,2024-11-15
1945,9983.55,A,2025-09-17
1946,2708.74,B,2025-03-23
1947,2137.54,D,2024-09-24
1948,360.03,C,2024-10-14
1949,6871.25,A,2023-08-18
1950,5724.54,B,2025-02-01
1951,8942.68,B,2023-02-11
1952,9346.35,B,2026-06-28
1953,9503.68,A,2025-09-26
1954,9487.12,B,2023-04-22
1955,746.59,A,2023-05-06
1956,1292.24,C,2023-03-10
1957,5960.15,B,2023-07-06
1958,5109.8,A,2024-07-16
1959,3650.46,B,2024-09-18
1960,5415.56,A,2023-02-03
1961,1150.99,D,2025-09-11
1962,3199.05,C,2026-01-11
1963,7405.32,A,2025-12-01
1964,2562.41,B,2024-07-24
1965,5941.51,C,2024-06-09
1966,6244.27,A,2025-08-18
1967,5540.57,B,2024-05-10
1968,6657.96,D,2025-08-18
1969,6807.85,D,2023-06-23
1970,9933.53,D,2025-10-23
1971,6905.91,A,2024-11-03
1972,1052.54,D,2025-06-29
1973,9530.65,B,2026-01-22
1974,1094.94,B,2023-06-25
1975,507.14,C,2024-05-17
1976,2948.76,B,2024-08-11
1977,9545.09,D,2025-06-07
1978,9290.71,C,2023-08-10
1979,120.57,A,2026-04-03
1980,1323.29,D,2024-05-02
1981,3456.95,B,2023-06-06
1982,5147.52,D,2023-03-15
1983,8216.67,B,2024-07-30
1984,83.65,A,2025-03-31
1985,7702.79,B,2023-08-06
1986,9237.43,B,2024-09-05
1987,5550.56,B,2026-03-30
1988,9909.85,B,2024-09-06
1989,7509.86,B,2024-05-04
1990,5521.59,A,2026-05-21
1991,9369.67,A,2026-04-26
1992,2628.78,B,2025-01-29
1993,2394.24,A,2025-10-11
1994,1763.47,C,2024-12-06
1995,728.82,D,2023-09-19
1996,4236.86,A,2026-03-01
1997,7958.25,C,2025-08-01
1998,5020.23,B,2024-04-26
1999,9025.74,A,2025-09-23
2000,9003.8,D,2023-01-16
1861,6878.94,B,2025-09-14
354,7241.12,D,2025-08-09
1334,8595.17,A,2025-07-17
906,1836.85,D,2023-04-18
1290,1685.88,A,2023-11-10
1274,7227.98,B,2023-06-15
939,3757.99,D,2023-07-20
1732,3403.35,A,2024-01-28
66,353.59,A,2026-03-05
1324,5770.4,A,2023-07-18
57,9466.72,D,2024-03-13
1293,3838.09,A,2025-09-08
1119,6143.2,A,2026-02-11
585,5162.63,A,2024-08-26
375,689.87,A,2024-07-03
276,5195.55,C,2023-04-23
747,8284.96,D,2023-01-02
129,4504.47,B,2026-02-21
1647,947.85,A,2025-01-21
1853,5410.02,D,2024-07-04
675,8375.37,D,2024-03-15
1665,353.77,B,2026-03-28
1982,5147.52,D,2023-03-15
1084,6341.33,B,2026-06-04
1923,3680.6,B,2023-03-01
100,3477.18,B,2024-10-17
1180,4614.84,A,2025-12-10
965,1480.17,B,2025-12-17
793,2314.29,B,2023-11-02
30,437.79,D,2026-02-19
629,9829.81,A,2026-03-28
945,7084.82,A,2024-06-07
573,8622.08,C,2023-05-10
908,8259.71,A,2023-08-25
1081,8706.45,A,2025-01-26
451,688.24,C,2026-06-17
1610,9484.56,C,2026-06-19
1291,7590.39,C,2024-04-06
1079,5482.08,A,2023-02-28
255,8957.18,B,2024-01-22
125,7104.14,B,2025-11-05
1928,580.46,B,2026-05-24
252,7663.72,C,2025-11-26
586,4903.66,B,2025-04-23
1569,1834.22,C,2025-05-03
825,2534.39,B,2023-10-09
508,3349.24,B,2025-03-08
890,2451.33,B,2026-05-31
71,6820.94,D,2023-05-20
1609,2359.86,D,2023-10-08
1533,9904.51,B,2025-09-19
248,1129.72,D,2025-05-30
1451,2293.02,D,2024-01-29
213,286.13,C,2023-11-30
910,1414.52,B,2023-10-11
1742,6300.39,B,2023-11-01
1245,3472.07,B,2024-03-30
1697,3972.96,A,2024-09-03
1183,9491.35,A,2024-05-30
362,3539.99,B,2025-02-24
1474,7541.87,A,2025-11-16
679,3632.57,A,2024-11-02
1622,6087.97,C,2026-03-02
1090,4206.08,B,2025-03-29
1988,9909.85,B,2024-09-06
1848,2454.98,B,2025-08-11
988,2728.86,B,2024-04-15
1513,3681.98,A,2025-08-03
112,7223.67,D,2025-05-18
1488,6298.56,D,2025-06-26
1454,9783.58,B,2025-10-28
384,5708.95,B,2025-09-04
1396,5263.51,C,2025-08-20
1055,5345.85,C,2025-04-13
756,5440.7,B,2024-09-11
325,6887.38,B,2024-04-07
1624,6342.09,C,2025-01-07
788,7199.18,C,2024-06-23
369,136.84,A,2023-10-22
1820,1809.16,A,2023-03-21
70,275.06,C,2024-06-08
858,2118.2,B,2024-08-17
1484,3868.66,C,2025-07-08
1556,72.02,D,2023-01-30
1692,6940.15,B,2024-11-09
1475,6613.2,A,2026-02-07
1799,2085.99,A,2024-12-22
479,5635.1,C,2024-10-03
282,9805.13,D,2024-10-07
1648,2065.76,D,2025-11-08
1557,9365.08,A,2024-07-27
1730,2502.04,B,2025-01-16
211,3558.33,A,2025-03-24
298,770.51,B,2024-08-23
1885,3669.57,D,2024-05-30
1834,8414.39,A,2025-04-11
652,3569.81,C,2025-11-29
1234,7934.34,B,2025-10-10
1503,1945.33,A,2025-02-04
1932,1478.23,D,2024-09-04
917,4298.47,A,2023-05-02
994,5352.61,D,2024-07-22
430,6264.12,D,2023-02-20
1371,7244.28,D,2025-09-24
240,2810.75,B,2024-03-31
880,562.81,D,2024-06-30
621,3298.91,B,2025-01-06
257,6226.49,B,2024-11-27
612,5191.7,D,2024-08-27
545,3260.5,B,2024-04-07
772,2421.56,A,2023-06-22
1420,6214.78,D,2023-09-28
1042,8845.66,B,2023-10-01
1790,4886.81,B,2024-07-07
760,3845.39,C,2023-05-10
383,7136.83,C,2025-03-05
1104,2608.1,A,2024-01-31
974,9416.23,C,2024-10-09
353,8484.94,B,2025-07-01
1606,2645.3,B,2026-06-04
1826,7479.28,D,2026-01-02
1037,109.84,A,2025-03-30
1108,7814.38,C,2026-02-08
495,8832.45,B,2024-06-24
394,7897.99,B,2025-01-22
1547,8406.55,A,2023-05-18
465,9836.34,C,2023-12-22
887,4689.9,C,2024-12-25
1194,9530.4,B,2025-11-29
367,9978.44,A,2025-02-12
1894,4737.5,D,2024-04-27
1874,1339.17,A,2026-04-04
745,4838.03,C,2025-09-28
530,1698.94,D,2025-07-15
803,5421.47,D,2024-09-24
1224,4003.16,D,2025-08-01
1979,120.57,A,2026-04-03
1906,7646.09,C,2024-09-11
1700,2519.17,B,2026-02-16
1545,6815.19,B,2025-07-14
1314,4309.69,D,2023-11-14
307,6477.48,C,2024-05-05
1667,2873.48,B,2025-10-21
863,1079.09,A,2025-12-31
1567,967.41,B,2024-03-03
531,1852.52,C,2023-03-19
655,6564.28,A,2024-09-28
1260,70.71,D,2023-02-24
234,4728.4,C,2026-05-18
121,2874.27,C,2025-01-16
1698,6925.42,A,2023-09-13
950,2337.66,D,2026-04-25
618,4873.34,B,2026-02-28
1179,672.29,C,2026-03-19
308,586.32,C,2024-08-05
136,4959.13,A,2023-05-11
555,3281.41,A,2025-06-09
1674,4937.76,D,2025-11-10
584,6021.1,A,2024-11-12
1641,5418.98,A,2024-08-12
671,8750.4,D,2025-05-20
835,7425.02,A,2023-10-06
110,8585.04,D,2025-05-29
1165,3269.69,A,2024-01-31
1960,5415.56,A,2023-02-03
1465,9246.22,B,2024-09-03
1729,9996.77,D,2025-08-25
1243,269.65,B,2023-08-01
212,6484.48,A,2025-07-06
1768,8065.63,D,2024-12-16
1121,3892.35,A,2025-04-09
680,3488.97,B,2024-10-06
1951,8942.68,B,2023-02-11
1839,9257.93,A,2023-08-07
412,699.61,C,2023-08-09
1325,8160.68,A,2025-08-14
783,3874.06,C,2025-03-12
1346,9219.61,A,2024-10-31
875,1185.68,D,2024-08-03
1653,924.61,A,2023-04-14
1279,1687.78,C,2025-04-06
786,3195.54,C,2023-05-08
1819,5617.79,D,2024-11-06
1199,1089.99,B,2025-01-02
808,7779.48,C,2025-10-17
713,2458.31,D,2025-06-08
1991,9369.67,A,2026-04-26
1660,9646.67,A,2023-10-20
1191,9732.82,D,2025-07-13
1226,7349.25,B,2025-10-11
603,245.3,C,2023-10-06
271,9786.69,C,2025-02-04
1385,9501.64,A,2024-05-08
232,3685.89,A,2023-02-01
50,3252.13,A,2024-08-06
463,6339.57,C,2026-01-20
1106,5087.9,C,2023-08-12
856,7103.43,A,2023-02-16
694,6959.81,A,2023-05-22
1552,1916.86,C,2024-08-11
